time,event,patient_id,Nq,Ns,c,regime,policy_activated
2.2381587480680976,arrival,0,0,0,4,normal,0
2.2381587480680976,service_start,0,0,1,4,normal,0
3.6454771381396407,arrival,1,0,1,4,normal,0
3.6454771381396407,service_start,1,0,2,4,normal,0
3.9404174976643236,arrival,2,0,2,4,normal,0
3.9404174976643236,service_start,2,0,3,4,normal,0
4.114884423435431,departure,1,0,3,4,normal,0
4.7542135166561925,arrival,3,0,2,4,normal,0
4.7542135166561925,service_start,3,0,3,4,normal,0
4.772660394075817,arrival,4,0,3,4,normal,0
4.772660394075817,service_start,4,0,4,4,normal,0
5.137228286376495,arrival,5,0,4,4,normal,0
6.650376220827706,arrival,6,1,4,4,normal,0
6.985203176997437,departure,2,2,4,4,normal,0
6.985203176997437,service_start,5,1,4,4,normal,0
8.20345569959782,arrival,7,1,4,4,normal,0
8.337570774743671,departure,4,2,4,4,normal,0
8.337570774743671,service_start,6,1,4,4,normal,0
8.576905994195933,departure,3,1,4,4,normal,0
8.576905994195933,service_start,7,0,4,4,normal,0
8.79917461007445,arrival,8,0,4,4,normal,0
10.198525681653583,arrival,9,1,4,4,normal,0
10.927347272679786,arrival,10,2,4,4,normal,0
11.703676547427252,arrival,11,3,4,4,normal,0
11.77807514334824,departure,7,4,4,4,normal,0
11.77807514334824,service_start,8,3,4,4,normal,0
12.458869255078717,arrival,12,3,4,4,normal,0
13.201427564223643,arrival,13,4,4,4,normal,0
13.25792874535516,departure,8,5,4,4,normal,0
13.25792874535516,service_start,9,4,4,4,normal,0
13.592137804426276,departure,6,4,4,4,normal,0
13.592137804426276,service_start,10,3,4,4,normal,0
14.644510373928888,departure,5,3,4,4,normal,0
14.644510373928888,service_start,11,2,4,4,normal,0
15.023149066850698,departure,9,2,4,4,normal,0
15.023149066850698,service_start,12,1,4,4,normal,0
15.162274622891346,arrival,14,1,4,4,normal,0
15.539215797325657,arrival,15,2,4,4,normal,0
15.557344007585481,arrival,16,3,4,4,normal,0
16.55322944890963,arrival,17,4,4,4,normal,0
16.58883818335945,departure,11,5,4,4,normal,0
16.58883818335945,service_start,13,4,4,4,normal,0
17.020694568770608,arrival,18,4,4,4,normal,0
17.26368920715213,departure,13,5,4,4,normal,0
17.26368920715213,service_start,14,4,4,4,normal,0
17.92116214106348,arrival,19,4,4,4,normal,0
19.410554623414217,departure,10,5,4,4,normal,0
19.410554623414217,service_start,15,4,4,4,normal,0
20.313932892561958,departure,15,4,4,4,normal,0
20.313932892561958,service_start,16,3,4,4,normal,0
20.574755628570642,arrival,20,3,4,4,normal,0
20.739702643897044,arrival,21,4,4,4,normal,0
20.874445637233862,arrival,22,5,4,4,normal,0
20.924477238996236,departure,16,6,4,4,normal,0
20.924477238996236,service_start,17,5,4,4,normal,0
22.27449337514934,arrival,23,5,4,4,normal,0
24.20831738307484,departure,14,6,4,4,normal,0
24.20831738307484,service_start,18,5,4,4,normal,0
24.36112174968749,arrival,24,5,4,4,normal,0
24.492558545895246,departure,0,6,4,4,normal,0
24.492558545895246,service_start,19,5,4,4,normal,0
25.071069765565653,arrival,25,5,4,4,normal,0
25.638518793964764,departure,18,6,4,4,normal,0
25.638518793964764,service_start,20,5,4,4,normal,0
25.854743482502467,departure,17,5,4,4,normal,0
25.854743482502467,service_start,21,4,4,4,normal,0
26.33446259762478,arrival,26,4,4,4,normal,0
26.728269787585447,departure,12,5,4,4,normal,0
26.728269787585447,service_start,22,4,4,4,normal,0
26.984801088473695,departure,22,4,4,4,normal,0
26.984801088473695,service_start,23,3,4,4,normal,0
27.339499308382585,arrival,27,3,4,4,normal,0
28.653351909006503,arrival,28,4,4,4,normal,0
28.86165471437723,departure,19,5,4,4,normal,0
28.86165471437723,service_start,24,4,4,4,normal,0
29.7482595329363,arrival,29,4,4,4,normal,0
29.911354404343506,departure,24,5,4,4,normal,0
29.911354404343506,service_start,25,4,4,4,normal,0
30.19491575130426,departure,23,4,4,4,normal,0
30.19491575130426,service_start,26,3,4,4,normal,0
30.20105343472035,arrival,30,3,4,4,normal,0
30.291920852395442,departure,25,4,4,4,normal,0
30.291920852395442,service_start,27,3,4,4,normal,0
33.86710503455004,arrival,31,3,4,4,normal,0
35.39147447516326,departure,20,4,4,4,normal,0
35.39147447516326,service_start,28,3,4,4,normal,0
35.47610315025865,arrival,32,3,4,4,normal,0
36.27498015528641,departure,28,4,4,4,normal,0
36.27498015528641,service_start,29,3,4,4,normal,0
36.81754494285948,departure,29,3,4,4,normal,0
36.81754494285948,service_start,30,2,4,4,normal,0
37.07900857985144,arrival,33,2,4,4,normal,0
37.21215851181557,arrival,34,3,4,4,normal,0
39.69530837427999,departure,30,4,4,4,normal,0
39.69530837427999,service_start,31,3,4,4,normal,0
39.80058047966449,departure,26,3,4,4,normal,0
39.80058047966449,service_start,32,2,4,4,normal,0
40.6551658660413,arrival,35,2,4,4,normal,0
40.71497965971043,departure,31,3,4,4,normal,0
40.71497965971043,service_start,33,2,4,4,normal,0
41.010883669798154,departure,33,2,4,4,normal,0
41.010883669798154,service_start,34,1,4,4,normal,0
41.73910696344536,departure,27,1,4,4,normal,0
41.73910696344536,service_start,35,0,4,4,normal,0
42.55406428443445,departure,34,0,4,4,normal,0
42.81039218424429,departure,21,0,3,4,normal,0
42.86803179328878,arrival,36,0,2,4,normal,0
42.86803179328878,service_start,36,0,3,4,normal,0
43.83314991590825,departure,35,0,3,4,normal,0
44.16921792735909,departure,36,0,2,4,normal,0
45.74761179592048,arrival,37,0,1,4,normal,0
45.74761179592048,service_start,37,0,2,4,normal,0
45.90275138093696,departure,37,0,2,4,normal,0
47.34089263950205,departure,32,0,1,4,normal,0
50.09004810008843,arrival,38,0,0,4,normal,0
50.09004810008843,service_start,38,0,1,4,normal,0
50.31179938363896,arrival,39,0,1,4,normal,0
50.31179938363896,service_start,39,0,2,4,normal,0
50.39239538254877,arrival,40,0,2,4,normal,0
50.39239538254877,service_start,40,0,3,4,normal,0
50.86749466977883,arrival,41,0,3,4,normal,0
50.86749466977883,service_start,41,0,4,4,normal,0
50.9441776259683,departure,38,0,4,4,normal,0
51.82739083148331,departure,39,0,3,4,normal,0
52.1619971681519,arrival,42,0,2,4,normal,0
52.1619971681519,service_start,42,0,3,4,normal,0
52.80962932974488,arrival,43,0,3,4,normal,0
52.80962932974488,service_start,43,0,4,4,normal,0
53.1758317158256,departure,40,0,4,4,normal,0
53.37823502307853,departure,41,0,3,4,normal,0
53.95727740630405,departure,43,0,2,4,normal,0
60.09496419060635,arrival,44,0,1,4,overload,0
60.09496419060635,service_start,44,0,2,4,overload,0
60.16522704626759,arrival,45,0,2,4,overload,0
60.16522704626759,service_start,45,0,3,4,overload,0
60.25012534868554,arrival,46,0,3,4,overload,0
60.25012534868554,service_start,46,0,4,4,overload,0
61.13291835879636,arrival,47,0,4,4,overload,0
61.68100415850555,arrival,48,1,4,4,overload,0
61.834527038850766,departure,45,2,4,4,overload,0
61.834527038850766,service_start,47,1,4,4,overload,0
62.07381870661731,departure,42,1,4,4,overload,0
62.07381870661731,service_start,48,0,4,4,overload,0
62.10366930150004,arrival,49,0,4,4,overload,0
62.196255889178644,arrival,50,1,4,4,overload,0
62.838202117613406,departure,44,2,4,4,overload,0
62.838202117613406,service_start,49,1,4,4,overload,0
62.93329601732525,arrival,51,1,4,4,overload,0
63.59217793508464,arrival,52,2,4,4,overload,0
63.66136349020158,departure,46,3,4,4,overload,0
63.66136349020158,service_start,50,2,4,4,overload,0
65.02637961730142,departure,50,2,4,4,overload,0
65.02637961730142,service_start,51,1,4,4,overload,0
65.36558069349606,departure,51,1,4,4,overload,0
65.36558069349606,service_start,52,0,4,4,overload,0
65.56280015314766,departure,49,0,4,4,overload,0
66.16614823870826,arrival,53,0,3,4,overload,0
66.16614823870826,service_start,53,0,4,4,overload,0
66.54240565228046,arrival,54,0,4,4,overload,0
66.77169125712254,arrival,55,1,4,4,overload,0
67.56271906945412,arrival,56,2,4,4,overload,0
67.60710078088951,departure,47,3,4,4,overload,0
67.60710078088951,service_start,54,2,4,4,overload,0
67.99430586813197,departure,54,2,4,4,overload,0
67.99430586813197,service_start,55,1,4,4,overload,0
68.21817915621965,arrival,57,1,4,4,overload,0
68.40284007058737,arrival,58,2,4,4,overload,0
68.69709616488517,departure,55,3,4,4,overload,0
68.69709616488517,service_start,56,2,4,4,overload,0
69.55238329323682,arrival,59,2,4,4,overload,0
69.8065213406198,departure,53,3,4,4,overload,0
69.8065213406198,service_start,57,2,4,4,overload,0
69.99126360414544,arrival,60,2,4,4,overload,0
70.19647882799782,departure,48,3,4,4,overload,0
70.19647882799782,service_start,58,2,4,4,overload,0
71.53246717012738,departure,58,2,4,4,overload,0
71.53246717012738,service_start,59,1,4,4,overload,0
72.12770318643835,arrival,61,1,4,4,overload,0
72.68889270380551,arrival,62,2,4,4,overload,0
72.82833160706787,departure,59,3,4,4,overload,0
72.82833160706787,service_start,60,2,4,4,overload,0
73.22856637697237,arrival,63,2,4,4,overload,0
73.26814426245407,arrival,64,3,4,4,overload,0
74.06427539913192,arrival,65,4,4,4,overload,0
74.52379463265129,arrival,66,5,4,4,overload,0
74.86549552155229,arrival,67,6,4,4,overload,0
75.11915796114414,arrival,68,7,4,4,overload,0
76.64206495010538,arrival,69,8,4,4,overload,0
77.92641232114201,departure,57,9,4,4,overload,0
77.92641232114201,service_start,61,8,4,4,overload,0
78.33019906750161,departure,61,8,4,4,overload,0
78.33019906750161,service_start,62,7,4,4,overload,0
78.71444014246497,departure,56,7,4,4,overload,0
78.71444014246497,service_start,63,6,4,4,overload,0
79.99477256359127,arrival,70,6,4,4,overload,0
82.33421288724037,arrival,71,7,4,4,overload,0
82.56963092481095,arrival,72,8,4,4,overload,0
83.23072365132012,arrival,73,9,4,4,overload,0
83.35371169940598,departure,60,10,4,4,overload,0
83.35371169940598,service_start,64,9,4,4,overload,0
83.74701094103781,arrival,74,9,4,4,overload,0
84.30658802760874,departure,63,10,4,4,overload,0
84.30658802760874,service_start,65,9,4,4,overload,0
84.3961396346337,arrival,75,9,4,4,overload,0
84.90970700637611,arrival,76,10,4,4,overload,0
85.13137793693723,departure,62,11,4,4,overload,0
85.13137793693723,service_start,66,10,4,4,overload,0
85.45911463609465,arrival,77,10,4,4,overload,0
85.88967702229671,arrival,78,11,4,4,overload,0
86.06067890339025,arrival,79,12,4,4,overload,0
86.49341233863125,arrival,80,13,4,4,overload,0
86.57363611142726,arrival,81,14,4,4,overload,0
87.89524322669413,departure,52,15,4,4,overload,0
87.89524322669413,service_start,67,14,4,4,overload,0
88.10771535904432,departure,64,14,4,4,overload,0
88.10771535904432,service_start,68,13,4,4,overload,0
88.26582012542355,departure,67,13,4,4,overload,0
88.26582012542355,service_start,69,12,4,4,overload,0
88.6924890629268,arrival,82,12,4,4,overload,0
88.75712814814311,arrival,83,13,4,4,overload,0
89.12832533990179,departure,66,14,4,4,overload,0
89.12832533990179,service_start,70,13,4,4,overload,0
89.7041579174601,arrival,84,13,4,4,overload,0
90.3666327385209,arrival,85,14,4,4,overload,0
90.48729463732869,arrival,86,15,4,4,overload,0
90.84560778085667,departure,68,16,4,4,overload,0
90.84560778085667,service_start,71,15,4,4,overload,0
90.95627019876002,arrival,87,15,4,4,overload,0
91.7869212106354,arrival,88,16,4,4,overload,0
91.89422051498173,arrival,89,17,4,4,overload,0
92.17014363369545,arrival,90,18,4,4,overload,0
92.22055104536079,arrival,91,19,4,4,overload,0
92.48677982131736,arrival,92,20,4,4,overload,0
92.64565962685384,arrival,93,21,4,4,overload,0
92.65859417098177,arrival,94,22,4,4,overload,0
92.67306526313881,departure,69,23,4,4,overload,0
92.67306526313881,service_start,72,22,4,4,overload,0
93.63506243584459,arrival,95,22,4,4,overload,0
93.99188137531449,departure,70,23,4,4,overload,0
93.99188137531449,service_start,73,22,4,4,overload,0
95.16016777157417,arrival,96,22,4,4,overload,0
95.3633440053944,arrival,97,23,4,4,overload,0
95.97811360970792,arrival,98,24,4,4,overload,0
95.99881985435294,arrival,99,25,4,4,overload,0
96.10947693526464,arrival,100,26,4,4,overload,0
96.2782865076694,departure,72,27,4,4,overload,0
96.2782865076694,service_start,74,26,4,4,overload,0
96.37395315438837,arrival,101,26,4,4,overload,0
96.39881939159244,arrival,102,27,4,4,overload,0
96.53206353999926,departure,74,28,4,4,overload,0
96.53206353999926,service_start,75,27,4,4,overload,0
96.8047141752707,arrival,103,27,4,4,overload,0
96.99322325860057,departure,71,28,4,4,overload,0
96.99322325860057,service_start,76,27,4,4,overload,0
97.8270584004639,departure,73,27,4,4,overload,0
97.8270584004639,service_start,77,26,4,4,overload,0
98.5155310356297,departure,76,26,4,4,overload,0
98.5155310356297,service_start,78,25,4,4,overload,0
98.78644518090243,arrival,104,25,4,4,overload,0
99.29822704873357,arrival,105,26,4,4,overload,0
99.75768445520322,arrival,106,27,4,4,overload,0
100.41233397116646,arrival,107,28,4,4,overload,0
101.24585082444831,departure,65,29,4,4,overload,0
101.24585082444831,service_start,79,28,4,4,overload,0
101.29988049807028,arrival,108,28,4,4,overload,0
102.23375447316678,departure,75,29,4,4,overload,0
102.23375447316678,service_start,80,28,4,4,overload,0
102.62887438145886,departure,80,28,4,4,overload,0
102.62887438145886,service_start,81,27,4,4,overload,0
103.32200858442039,arrival,109,27,4,4,overload,0
103.35530551499822,arrival,110,28,4,4,overload,0
103.59903565813468,arrival,111,29,4,4,overload,0
103.85137624841514,departure,81,30,4,4,overload,0
103.85137624841514,service_start,82,29,4,4,overload,0
104.16813755811812,departure,79,29,4,4,overload,0
104.16813755811812,service_start,83,28,4,4,overload,0
104.26120231458172,departure,77,28,4,4,overload,0
104.26120231458172,service_start,84,27,4,4,overload,0
104.37377069422091,departure,82,27,4,4,overload,0
104.37377069422091,service_start,85,26,4,4,overload,0
104.5290302515823,arrival,112,26,4,4,overload,0
105.16335029707315,arrival,113,27,4,4,overload,0
105.51944217549362,arrival,114,28,4,4,overload,0
105.94184531905823,arrival,115,29,4,4,overload,0
106.45715953686839,departure,84,30,4,4,overload,0
106.45715953686839,service_start,86,29,4,4,overload,0
106.62136777056212,arrival,116,29,4,4,overload,0
106.74127748952982,arrival,117,30,4,4,overload,0
106.84368505351082,arrival,118,31,4,4,overload,0
106.91318709961729,departure,86,32,4,4,overload,0
106.91318709961729,service_start,87,31,4,4,overload,0
107.39712304832264,departure,87,31,4,4,overload,0
107.39712304832264,service_start,88,30,4,4,overload,0
107.55726537478739,arrival,119,30,4,4,overload,0
107.63177602889456,departure,78,31,4,4,overload,0
107.63177602889456,service_start,89,30,4,4,overload,0
107.638330991326,arrival,120,30,4,4,overload,0
108.77955198938481,arrival,121,31,4,4,overload,0
110.43165802073744,arrival,122,32,4,4,overload,0
110.64281547863885,departure,88,33,4,4,overload,0
110.64281547863885,service_start,90,32,4,4,overload,0
111.16508300752469,arrival,123,32,4,4,overload,0
111.96674432713155,arrival,124,33,4,4,overload,0
112.11067216644719,departure,90,34,4,4,overload,0
112.11067216644719,service_start,91,33,4,4,overload,0
112.3548189127343,departure,91,33,4,4,overload,0
112.3548189127343,service_start,92,32,4,4,overload,0
112.5179482262171,arrival,125,32,4,4,overload,0
112.62018565658056,departure,85,33,4,4,overload,0
112.62018565658056,service_start,93,32,4,4,overload,0
112.72871992393439,arrival,126,32,4,4,overload,0
113.00490538091715,departure,93,33,4,4,overload,0
113.00490538091715,service_start,94,32,4,4,overload,0
113.30070908841006,departure,89,32,4,4,overload,0
113.30070908841006,service_start,95,31,4,4,overload,0
113.44169939058978,arrival,127,31,4,4,overload,0
114.05078254712404,departure,92,32,4,4,overload,0
114.05078254712404,service_start,96,31,4,4,overload,0
114.39950921298421,arrival,128,31,4,4,overload,0
114.41595309529546,arrival,129,32,4,4,overload,0
115.32106510270991,arrival,130,33,4,4,overload,0
115.61798840812139,arrival,131,34,4,4,overload,0
115.98729585041039,arrival,132,35,4,4,overload,0
116.10466135220355,departure,96,36,4,4,overload,0
116.10466135220355,service_start,97,35,4,4,overload,0
116.82560599592878,departure,95,35,4,4,overload,0
116.82560599592878,service_start,98,34,4,4,overload,0
116.88818572079043,departure,83,34,4,4,overload,0
116.88818572079043,service_start,99,33,4,4,overload,0
116.96343360658413,arrival,133,33,4,4,overload,0
117.39690808579505,arrival,134,34,4,4,overload,0
117.40798903631274,arrival,135,35,4,4,overload,0
117.84940006475628,departure,98,36,4,4,overload,0
117.84940006475628,service_start,100,35,4,4,overload,0
118.05506336025842,departure,94,35,4,4,overload,0
118.05506336025842,service_start,101,34,4,4,overload,0
118.22175835348105,arrival,136,34,4,4,overload,0
118.6498742940054,departure,97,35,4,4,overload,0
118.6498742940054,service_start,102,34,4,4,overload,0
118.95735001831532,departure,100,34,4,4,overload,0
118.95735001831532,service_start,103,33,4,4,overload,0
119.32184222507162,departure,99,33,4,4,overload,0
119.32184222507162,service_start,104,32,4,4,overload,0
119.35098089822702,arrival,137,32,4,4,overload,0
119.6599279309979,arrival,138,33,4,4,overload,0
120.19759021830268,departure,104,34,4,5,overload,1
120.19759021830268,service_start,105,33,4,5,overload,1
120.35182921627508,arrival,139,33,4,5,overload,1
120.35182921627508,service_start,139,33,5,5,overload,1
120.91904951338887,arrival,140,33,5,5,overload,1
120.97917899048743,departure,105,34,5,5,overload,1
120.97917899048743,service_start,106,33,5,5,overload,1
121.29262779950899,arrival,141,33,5,5,overload,1
122.27080833980125,departure,102,34,5,5,overload,1
122.27080833980125,service_start,107,33,5,5,overload,1
122.48858196898573,departure,103,33,5,5,overload,1
122.48858196898573,service_start,108,32,5,5,overload,1
122.50875439533263,arrival,142,32,5,5,overload,1
123.76372116834426,arrival,143,33,5,5,overload,1
124.37484383132518,arrival,144,34,5,5,overload,1
124.44556398739569,departure,107,35,5,5,overload,1
124.44556398739569,service_start,109,34,5,5,overload,1
124.47346181262178,departure,109,34,5,5,overload,1
124.47346181262178,service_start,110,33,5,5,overload,1
124.69633853551466,arrival,145,33,5,5,overload,1
124.95168165418137,arrival,146,34,5,5,overload,1
125.18886423890278,departure,101,35,5,5,overload,1
125.18886423890278,service_start,111,34,5,5,overload,1
125.32437986825786,arrival,147,34,5,5,overload,1
125.51423350551806,arrival,148,35,5,5,overload,1
125.79342110119215,departure,106,36,5,5,overload,1
125.79342110119215,service_start,112,35,5,5,overload,1
126.01920560993787,arrival,149,35,5,5,overload,1
126.42567993861141,departure,111,36,5,5,overload,1
126.42567993861141,service_start,113,35,5,5,overload,1
126.50618812684668,arrival,150,35,5,5,overload,1
126.58639466829463,arrival,151,36,5,5,overload,1
127.00666697413337,arrival,152,37,5,5,overload,1
127.03047979510306,departure,110,38,5,5,overload,1
127.03047979510306,service_start,114,37,5,5,overload,1
127.37733275838251,arrival,153,37,5,5,overload,1
127.50616585491164,arrival,154,38,5,5,overload,1
127.61026872923259,arrival,155,39,5,5,overload,1
127.63523212710781,departure,108,40,5,5,overload,1
127.63523212710781,service_start,115,39,5,5,overload,1
128.17277333752722,arrival,156,39,5,5,overload,1
128.4966735034923,arrival,157,40,5,5,overload,1
128.71935395679662,arrival,158,41,5,5,overload,1
128.73186421216542,arrival,159,42,5,5,overload,1
128.77889855462814,arrival,160,43,5,5,overload,1
129.83735821083178,arrival,161,44,5,5,overload,1
129.9473987675116,arrival,162,45,5,5,overload,1
130.1973108531064,arrival,163,46,5,5,overload,1
131.8567535742587,departure,115,47,5,5,overload,1
131.8567535742587,service_start,116,46,5,5,overload,1
132.07827100461154,departure,116,46,5,5,overload,1
132.07827100461154,service_start,117,45,5,5,overload,1
132.7888720923645,departure,112,45,5,5,overload,1
132.7888720923645,service_start,118,44,5,5,overload,1
134.65162679036197,arrival,164,44,5,5,overload,1
134.7274726222005,departure,114,45,5,5,overload,1
134.7274726222005,service_start,119,44,5,5,overload,1
134.7373202892457,departure,113,44,5,5,overload,1
134.7373202892457,service_start,120,43,5,5,overload,1
134.87032557911306,departure,119,43,5,5,overload,1
134.87032557911306,service_start,121,42,5,5,overload,1
135.18642616806864,arrival,165,42,5,5,overload,1
135.55782359604925,departure,117,43,5,5,overload,1
135.55782359604925,service_start,122,42,5,5,overload,1
135.75197097274008,arrival,166,42,5,5,overload,1
135.78549682261246,departure,122,43,5,5,overload,1
135.78549682261246,service_start,123,42,5,5,overload,1
136.05183193559068,departure,123,42,5,5,overload,1
136.05183193559068,service_start,124,41,5,5,overload,1
136.37800058195324,departure,120,41,5,5,overload,1
136.37800058195324,service_start,125,40,5,5,overload,1
136.7587242827616,departure,124,40,5,5,overload,1
136.7587242827616,service_start,126,39,5,5,overload,1
137.04347978087588,departure,118,39,5,5,overload,1
137.04347978087588,service_start,127,38,5,5,overload,1
137.07015109497692,arrival,167,38,5,5,overload,1
137.47763545996116,arrival,168,39,5,5,overload,1
137.8069998612143,arrival,169,40,5,5,overload,1
137.81466323071058,departure,121,41,5,5,overload,1
137.81466323071058,service_start,128,40,5,5,overload,1
138.73630859159746,arrival,170,40,5,5,overload,1
139.53051095823375,departure,139,41,5,5,overload,1
139.53051095823375,service_start,129,40,5,5,overload,1
139.6323772279285,arrival,171,40,5,5,overload,1
139.67063142621333,arrival,172,41,5,5,overload,1
139.82916296563255,arrival,173,42,5,5,overload,1
140.07925339400794,arrival,174,43,5,5,overload,1
140.10574201949632,arrival,175,44,5,5,overload,1
140.1317225033855,arrival,176,45,5,5,overload,1
140.13932515010367,arrival,177,46,5,5,overload,1
140.90647284824442,departure,125,47,5,5,overload,1
140.90647284824442,service_start,130,46,5,5,overload,1
141.1633683813466,arrival,178,46,5,5,overload,1
141.34591572058125,arrival,179,47,5,5,overload,1
141.48475259232146,departure,128,48,5,5,overload,1
141.48475259232146,service_start,131,47,5,5,overload,1
142.00785035681096,arrival,180,47,5,5,overload,1
142.06988412301357,departure,126,48,5,5,overload,1
142.06988412301357,service_start,132,47,5,5,overload,1
142.68346169810425,departure,132,47,5,5,overload,1
142.68346169810425,service_start,133,46,5,5,overload,1
143.20584132612086,departure,130,46,5,5,overload,1
143.20584132612086,service_start,134,45,5,5,overload,1
143.61651781141617,arrival,181,45,5,5,overload,1
144.94883413632476,departure,134,46,5,5,overload,1
144.94883413632476,service_start,135,45,5,5,overload,1
145.12724494447536,arrival,182,45,5,5,overload,1
145.15241653506962,arrival,183,46,5,5,overload,1
145.16001677289142,departure,133,47,5,5,overload,1
145.16001677289142,service_start,136,46,5,5,overload,1
146.43572136770945,departure,131,46,5,5,overload,1
146.43572136770945,service_start,137,45,5,5,overload,1
146.97532735215205,departure,137,45,5,5,overload,1
146.97532735215205,service_start,138,44,5,5,overload,1
147.44476816824584,departure,129,44,5,5,overload,1
147.44476816824584,service_start,140,43,5,5,overload,1
147.44540854735612,arrival,184,43,5,5,overload,1
147.48528233241817,arrival,185,44,5,5,overload,1
147.5512692880897,departure,135,45,5,5,overload,1
147.5512692880897,service_start,141,44,5,5,overload,1
148.28629645072013,arrival,186,44,5,5,overload,1
148.651147811742,arrival,187,45,5,5,overload,1
149.10907223959984,arrival,188,46,5,5,overload,1
149.44377808213252,departure,127,47,5,5,overload,1
149.44377808213252,service_start,142,46,5,5,overload,1
149.81475050466318,arrival,189,46,5,5,overload,1
150.10012456292304,departure,141,47,5,5,overload,1
150.10012456292304,service_start,143,46,5,5,overload,1
150.79857092171764,departure,140,46,5,5,overload,1
150.79857092171764,service_start,144,45,5,5,overload,1
150.91185795047562,departure,136,45,5,5,overload,1
150.91185795047562,service_start,145,44,5,5,overload,1
151.36372946288463,arrival,190,44,5,5,overload,1
151.3867557309611,arrival,191,45,5,5,overload,1
152.28622989835344,arrival,192,46,5,5,overload,1
152.9695154007506,departure,142,47,5,5,overload,1
152.9695154007506,service_start,146,46,5,5,overload,1
153.15208856672274,departure,145,46,5,5,overload,1
153.15208856672274,service_start,147,45,5,5,overload,1
153.9792341526557,departure,146,45,5,5,overload,1
153.9792341526557,service_start,148,44,5,5,overload,1
154.22562987962922,arrival,193,44,5,5,overload,1
154.40477253912613,arrival,194,45,5,5,overload,1
154.45448761950783,departure,148,46,5,5,overload,1
154.45448761950783,service_start,149,45,5,5,overload,1
154.48674292040798,departure,144,45,5,5,overload,1
154.48674292040798,service_start,150,44,5,5,overload,1
155.5247746023141,departure,149,44,5,5,overload,1
155.5247746023141,service_start,151,43,5,5,overload,1
155.9119884140324,departure,151,43,5,5,overload,1
155.9119884140324,service_start,152,42,5,5,overload,1
156.65183267349553,arrival,195,42,5,5,overload,1
156.68724820040342,arrival,196,43,5,5,overload,1
156.86372729857555,departure,152,44,5,5,overload,1
156.86372729857555,service_start,153,43,5,5,overload,1
157.06974385427742,arrival,197,43,5,5,overload,1
157.10140124499372,arrival,198,44,5,5,overload,1
159.22567504225663,departure,143,45,5,5,overload,1
159.22567504225663,service_start,154,44,5,5,overload,1
159.22769391640782,departure,147,44,5,5,overload,1
159.22769391640782,service_start,155,43,5,5,overload,1
159.62451932322688,departure,150,43,5,5,overload,1
159.62451932322688,service_start,156,42,5,5,overload,1
159.6581987361163,departure,156,42,5,5,overload,1
159.6581987361163,service_start,157,41,5,5,overload,1
159.8860287473746,arrival,199,41,5,5,overload,1
160.42679199737506,arrival,200,42,5,5,overload,1
160.48521438906502,departure,153,43,5,5,overload,1
160.48521438906502,service_start,158,42,5,5,overload,1
160.49025340443467,departure,155,42,5,5,overload,1
160.49025340443467,service_start,159,41,5,5,overload,1
160.6065923918673,departure,157,41,5,5,overload,1
160.6065923918673,service_start,160,40,5,5,overload,1
160.61114346848248,arrival,201,40,5,5,overload,1
160.8451585501166,departure,160,41,5,5,overload,1
160.8451585501166,service_start,161,40,5,5,overload,1
160.85274671486198,departure,158,40,5,5,overload,1
160.85274671486198,service_start,162,39,5,5,overload,1
161.07494057547802,arrival,202,39,5,5,overload,1
161.34959284370885,departure,161,40,5,5,overload,1
161.34959284370885,service_start,163,39,5,5,overload,1
161.40530372499654,departure,162,39,5,5,overload,1
161.40530372499654,service_start,164,38,5,5,overload,1
161.5247144889201,departure,163,38,5,5,overload,1
161.5247144889201,service_start,165,37,5,5,overload,1
162.22001227406656,departure,138,37,5,5,overload,1
162.22001227406656,service_start,166,36,5,5,overload,1
162.66451212627172,departure,159,36,5,5,overload,1
162.66451212627172,service_start,167,35,5,5,overload,1
162.8094148543299,arrival,203,35,5,5,overload,1
163.17324488553925,arrival,204,36,5,5,overload,1
163.6428787725231,arrival,205,37,5,5,overload,1
164.36571714242322,departure,154,38,5,5,overload,1
164.36571714242322,service_start,168,37,5,5,overload,1
164.53927295017752,arrival,206,37,5,5,overload,1
164.76247323242316,arrival,207,38,5,5,overload,1
165.01532563633518,departure,164,39,5,5,overload,1
165.01532563633518,service_start,169,38,5,5,overload,1
165.14369394621815,arrival,208,38,5,5,overload,1
165.16990349796956,departure,169,39,5,5,overload,1
165.16990349796956,service_start,170,38,5,5,overload,1
165.49314930281685,arrival,209,38,5,5,overload,1
165.58537403885472,arrival,210,39,5,5,overload,1
165.69244178631234,departure,168,40,5,5,overload,1
165.69244178631234,service_start,171,39,5,5,overload,1
166.185330445528,arrival,211,39,5,5,overload,1
166.3631860132438,arrival,212,40,5,5,overload,1
166.5314102178973,departure,167,41,5,5,overload,1
166.5314102178973,service_start,172,40,5,5,overload,1
166.83648932366108,arrival,213,40,5,5,overload,1
166.9692289584646,arrival,214,41,5,5,overload,1
167.2568165793022,departure,172,42,5,5,overload,1
167.2568165793022,service_start,173,41,5,5,overload,1
167.3630726889285,departure,170,41,5,5,overload,1
167.3630726889285,service_start,174,40,5,5,overload,1
167.5978953642443,arrival,215,40,5,5,overload,1
167.73705151532923,departure,171,41,5,5,overload,1
167.73705151532923,service_start,175,40,5,5,overload,1
167.9381327534273,arrival,216,40,5,5,overload,1
168.1214915788712,arrival,217,41,5,5,overload,1
168.30640658675003,arrival,218,42,5,5,overload,1
168.35374387939154,arrival,219,43,5,5,overload,1
169.254732448464,departure,174,44,5,5,overload,1
169.254732448464,service_start,176,43,5,5,overload,1
169.44975565708575,arrival,220,43,5,5,overload,1
169.91762941678365,departure,173,44,5,5,overload,1
169.91762941678365,service_start,177,43,5,5,overload,1
170.1191126162781,arrival,221,43,5,5,overload,1
170.95052166108894,departure,165,44,5,5,overload,1
170.95052166108894,service_start,178,43,5,5,overload,1
171.64684024279455,arrival,222,43,5,5,overload,1
172.02087376117592,arrival,223,44,5,5,overload,1
172.19564386528563,arrival,224,45,5,5,overload,1
174.4723866825694,arrival,225,46,5,5,overload,1
175.77234494751002,arrival,226,47,5,5,overload,1
175.77464479703923,arrival,227,48,5,5,overload,1
175.78724953947113,arrival,228,49,5,5,overload,1
176.48516658906578,arrival,229,50,5,5,overload,1
176.7125799454897,departure,177,51,5,5,overload,1
176.7125799454897,service_start,179,50,5,5,overload,1
176.77448354648678,arrival,230,50,5,5,overload,1
176.89371924286638,departure,175,51,5,5,overload,1
176.89371924286638,service_start,180,50,5,5,overload,1
177.143676861058,departure,179,50,5,5,overload,1
177.143676861058,service_start,181,49,5,5,overload,1
178.40462040980685,arrival,231,49,5,5,overload,1
178.56516000289344,arrival,232,50,5,5,overload,1
178.66159490023253,arrival,233,51,5,5,overload,1
178.67919558588298,departure,166,52,5,5,overload,1
178.67919558588298,service_start,182,51,5,5,overload,1
179.08975313518542,departure,176,51,5,5,overload,1
179.08975313518542,service_start,183,50,5,5,overload,1
179.10422153981287,departure,182,50,5,5,overload,1
179.10422153981287,service_start,184,49,5,5,overload,1
179.22457106837422,departure,180,49,5,5,overload,1
179.22457106837422,service_start,185,48,5,5,overload,1
179.55512295040754,arrival,234,48,5,5,overload,1
179.73604558196965,departure,181,49,5,5,overload,1
179.73604558196965,service_start,186,48,5,5,overload,1
179.92259789405185,departure,184,48,5,5,overload,1
179.92259789405185,service_start,187,47,5,5,overload,1
179.95485486503776,arrival,235,47,5,5,overload,1
180.03882166462625,arrival,236,48,5,5,recovery,1
180.07120874152307,departure,187,49,5,5,recovery,1
180.07120874152307,service_start,188,48,5,5,recovery,1
180.34625451517894,departure,183,48,5,5,recovery,1
180.34625451517894,service_start,189,47,5,5,recovery,1
180.79199029536,departure,186,47,5,5,recovery,1
180.79199029536,service_start,190,46,5,5,recovery,1
180.82988230092747,arrival,237,46,5,5,recovery,1
181.1171812917964,departure,178,47,5,5,recovery,1
181.1171812917964,service_start,191,46,5,5,recovery,1
181.31180670558024,departure,185,46,5,5,recovery,1
181.31180670558024,service_start,192,45,5,5,recovery,1
182.02778355292307,departure,190,45,5,5,recovery,1
182.02778355292307,service_start,193,44,5,5,recovery,1
182.0363293950745,arrival,238,44,5,5,recovery,1
182.17226621689238,arrival,239,45,5,5,recovery,1
182.72222193895584,arrival,240,46,5,5,recovery,1
182.9573076911869,departure,192,47,5,5,recovery,1
182.9573076911869,service_start,194,46,5,5,recovery,1
183.31697170908524,departure,189,46,5,5,recovery,1
183.31697170908524,service_start,195,45,5,5,recovery,1
183.5898707232027,departure,188,45,5,5,recovery,1
183.5898707232027,service_start,196,44,5,5,recovery,1
183.59187783669,departure,193,44,5,5,recovery,1
183.59187783669,service_start,197,43,5,5,recovery,1
183.84485071898013,departure,191,43,5,5,recovery,1
183.84485071898013,service_start,198,42,5,5,recovery,1
185.52646039281697,arrival,241,42,5,5,recovery,1
186.1009785261136,departure,195,43,5,5,recovery,1
186.1009785261136,service_start,199,42,5,5,recovery,1
187.62700784398186,arrival,242,42,5,5,recovery,1
188.22342441024145,departure,197,43,5,5,recovery,1
188.22342441024145,service_start,200,42,5,5,recovery,1
189.77513113181487,arrival,243,42,5,5,recovery,1
190.25891844999714,arrival,244,43,5,5,recovery,1
191.65483261956152,arrival,245,44,5,5,recovery,1
191.72153375177768,arrival,246,45,5,5,recovery,1
191.88608480316515,departure,198,46,5,5,recovery,1
191.88608480316515,service_start,201,45,5,5,recovery,1
192.08330498249595,departure,200,45,5,5,recovery,1
192.08330498249595,service_start,202,44,5,5,recovery,1
192.1525740448537,departure,202,44,5,5,recovery,1
192.1525740448537,service_start,203,43,5,5,recovery,1
192.26468133307117,departure,201,43,5,5,recovery,1
192.26468133307117,service_start,204,42,5,5,recovery,1
192.32416915069865,arrival,247,42,5,5,recovery,1
192.42595112497244,departure,194,43,5,5,recovery,1
192.42595112497244,service_start,205,42,5,5,recovery,1
192.86212206314173,arrival,248,42,5,5,recovery,1
193.07043612728287,departure,205,43,5,5,recovery,1
193.07043612728287,service_start,206,42,5,5,recovery,1
193.67466559688995,departure,203,42,5,5,recovery,1
193.67466559688995,service_start,207,41,5,5,recovery,1
193.8499494483141,departure,206,41,5,5,recovery,1
193.8499494483141,service_start,208,40,5,5,recovery,1
194.0236070851564,arrival,249,40,5,5,recovery,1
194.40779594649175,departure,208,41,5,5,recovery,1
194.40779594649175,service_start,209,40,5,5,recovery,1
195.29627937797702,departure,207,40,5,5,recovery,1
195.29627937797702,service_start,210,39,5,5,recovery,1
195.3991256174968,departure,209,39,5,5,recovery,1
195.3991256174968,service_start,211,38,5,5,recovery,1
195.7817925286837,arrival,250,38,5,5,recovery,1
195.94536210900085,departure,199,39,5,5,recovery,1
195.94536210900085,service_start,212,38,5,5,recovery,1
196.01105307803098,departure,204,38,5,5,recovery,1
196.01105307803098,service_start,213,37,5,5,recovery,1
196.65781099663593,arrival,251,37,5,5,recovery,1
196.75140646521828,departure,213,38,5,5,recovery,1
196.75140646521828,service_start,214,37,5,5,recovery,1
197.91576013145564,arrival,252,37,5,5,recovery,1
199.051871828287,departure,196,38,5,5,recovery,1
199.051871828287,service_start,215,37,5,5,recovery,1
199.89938148662247,departure,212,37,5,5,recovery,1
199.89938148662247,service_start,216,36,5,5,recovery,1
200.93620314371503,departure,214,36,5,5,recovery,1
200.93620314371503,service_start,217,35,5,5,recovery,1
201.1334908044475,departure,210,35,5,5,recovery,1
201.1334908044475,service_start,218,34,5,5,recovery,1
201.35234997572445,arrival,253,34,5,5,recovery,1
201.6771755337491,departure,215,35,5,5,recovery,1
201.6771755337491,service_start,219,34,5,5,recovery,1
202.02003608823924,departure,218,34,5,5,recovery,1
202.02003608823924,service_start,220,33,5,5,recovery,1
202.29447328264348,departure,217,33,5,5,recovery,1
202.29447328264348,service_start,221,32,5,5,recovery,1
203.2478723179909,arrival,254,32,5,5,recovery,1
203.82917408955763,departure,221,33,5,5,recovery,1
203.82917408955763,service_start,222,32,5,5,recovery,1
204.86074646452653,arrival,255,32,5,5,recovery,1
204.88581482511722,departure,220,33,5,5,recovery,1
204.88581482511722,service_start,223,32,5,5,recovery,1
204.89139058150292,departure,223,32,5,5,recovery,1
204.89139058150292,service_start,224,31,5,5,recovery,1
205.53923158674445,arrival,256,31,5,5,recovery,1
207.05640654063205,departure,222,32,5,5,recovery,1
207.05640654063205,service_start,225,31,5,5,recovery,1
207.08814511766784,arrival,257,31,5,5,recovery,1
207.2514225228588,arrival,258,32,5,5,recovery,1
207.68520188155114,arrival,259,33,5,5,recovery,1
208.27847718633052,arrival,260,34,5,5,recovery,1
210.49748109116072,arrival,261,35,5,5,recovery,1
211.10441913703116,departure,225,36,5,5,recovery,1
211.10441913703116,service_start,226,35,5,5,recovery,1
211.63930459975973,arrival,262,35,5,5,recovery,1
211.9504351315094,arrival,263,36,5,5,recovery,1
211.9926342649161,arrival,264,37,5,5,recovery,1
212.27715278466675,departure,211,38,5,5,recovery,1
212.27715278466675,service_start,227,37,5,5,recovery,1
212.3028192658227,arrival,265,37,5,5,recovery,1
212.35889132626292,departure,224,38,5,5,recovery,1
212.35889132626292,service_start,228,37,5,5,recovery,1
213.1819724105752,arrival,266,37,5,5,recovery,1
213.3089079514962,arrival,267,38,5,5,recovery,1
213.4443816901171,departure,226,39,5,5,recovery,1
213.4443816901171,service_start,229,38,5,5,recovery,1
214.54547376801253,departure,229,38,5,5,recovery,1
214.54547376801253,service_start,230,37,5,5,recovery,1
214.62025133324497,departure,230,37,5,5,recovery,1
214.62025133324497,service_start,231,36,5,5,recovery,1
215.18754933132004,arrival,268,36,5,5,recovery,1
215.37676176998298,arrival,269,37,5,5,recovery,1
215.39914165007593,departure,228,38,5,5,recovery,1
215.39914165007593,service_start,232,37,5,5,recovery,1
215.56218907529419,departure,231,37,5,5,recovery,1
215.56218907529419,service_start,233,36,5,5,recovery,1
215.9566889616268,departure,216,36,5,5,recovery,1
215.9566889616268,service_start,234,35,5,5,recovery,1
216.5542561874535,arrival,270,35,5,5,recovery,1
216.82104942205729,arrival,271,36,5,5,recovery,1
217.36855997627958,departure,233,37,5,5,recovery,1
217.36855997627958,service_start,235,36,5,5,recovery,1
217.4288678952694,departure,232,36,5,5,recovery,1
217.4288678952694,service_start,236,35,5,5,recovery,1
217.68703153076862,departure,227,35,5,5,recovery,1
217.68703153076862,service_start,237,34,5,5,recovery,1
217.79138314299755,departure,236,34,5,5,recovery,1
217.79138314299755,service_start,238,33,5,5,recovery,1
218.07128014601395,departure,235,33,5,5,recovery,1
218.07128014601395,service_start,239,32,5,5,recovery,1
218.26680441255021,arrival,272,32,5,5,recovery,1
219.08001356947094,departure,234,33,5,5,recovery,1
219.08001356947094,service_start,240,32,5,5,recovery,1
219.09943808349502,departure,240,32,5,5,recovery,1
219.09943808349502,service_start,241,31,5,5,recovery,1
219.58161009456495,arrival,273,31,5,5,recovery,1
219.59264034856153,departure,219,32,5,5,recovery,1
219.59264034856153,service_start,242,31,5,5,recovery,1
219.7574667568077,arrival,274,31,5,5,recovery,1
220.20788553286494,arrival,275,32,5,5,recovery,1
220.3992441678483,arrival,276,33,5,5,recovery,1
220.61181014255456,departure,241,34,5,5,recovery,1
220.61181014255456,service_start,243,33,5,5,recovery,1
222.33369993525744,departure,238,33,5,5,recovery,1
222.33369993525744,service_start,244,32,5,5,recovery,1
223.17547441665297,departure,243,32,5,5,recovery,1
223.17547441665297,service_start,245,31,5,5,recovery,1
223.54276816128123,arrival,277,31,5,5,recovery,1
223.60520195305702,departure,237,32,5,5,recovery,1
223.60520195305702,service_start,246,31,5,5,recovery,1
223.67991702027393,departure,246,31,5,5,recovery,1
223.67991702027393,service_start,247,30,5,5,recovery,1
224.06155752708764,departure,244,30,5,5,recovery,1
224.06155752708764,service_start,248,29,5,5,recovery,1
224.34247317598135,departure,239,29,5,5,recovery,1
224.34247317598135,service_start,249,28,5,5,recovery,1
224.5921224192267,departure,245,28,5,5,recovery,1
224.5921224192267,service_start,250,27,5,5,recovery,1
225.5658495505832,departure,250,27,5,5,recovery,1
225.5658495505832,service_start,251,26,5,5,recovery,1
225.60761303422103,departure,248,26,5,5,recovery,1
225.60761303422103,service_start,252,25,5,5,recovery,1
226.35849220321273,arrival,278,25,5,5,recovery,1
226.5315452692385,arrival,279,26,5,5,recovery,1
226.67264427039913,arrival,280,27,5,5,recovery,1
227.69987543852156,arrival,281,28,5,5,recovery,1
227.83017639633866,departure,242,29,5,5,recovery,1
227.83017639633866,service_start,253,28,5,5,recovery,1
229.16498608201323,departure,249,28,5,5,recovery,1
229.16498608201323,service_start,254,27,5,5,recovery,1
229.89523863614,departure,252,27,5,5,recovery,1
229.89523863614,service_start,255,26,5,5,recovery,1
230.6798266815472,departure,254,26,5,5,recovery,1
230.6798266815472,service_start,256,25,5,5,recovery,1
230.95291760193584,departure,256,25,5,5,recovery,1
230.95291760193584,service_start,257,24,5,5,recovery,1
231.74197250893812,departure,255,24,5,5,recovery,1
231.74197250893812,service_start,258,23,5,5,recovery,1
232.18893326708147,arrival,282,23,5,5,recovery,1
232.46157638526626,departure,257,24,5,5,recovery,1
232.46157638526626,service_start,259,23,5,5,recovery,1
232.8824164424621,departure,259,23,5,5,recovery,1
232.8824164424621,service_start,260,22,5,5,recovery,1
233.53008665153516,arrival,283,22,5,5,recovery,1
233.54835002597176,departure,247,23,5,5,recovery,1
233.54835002597176,service_start,261,22,5,5,recovery,1
233.80452013870453,departure,258,22,5,5,recovery,1
233.80452013870453,service_start,262,21,5,5,recovery,1
234.14923468067485,arrival,284,21,5,5,recovery,1
234.48049785082756,departure,262,22,5,5,recovery,1
234.48049785082756,service_start,263,21,5,5,recovery,1
235.39921056997312,departure,253,21,5,5,recovery,1
235.39921056997312,service_start,264,20,5,5,recovery,1
235.61239727591936,arrival,285,20,5,5,recovery,1
235.93167889926377,departure,264,21,5,5,recovery,1
235.93167889926377,service_start,265,20,5,5,recovery,1
236.98659695064418,arrival,286,20,5,5,recovery,1
237.51476541299965,arrival,287,21,5,5,recovery,1
237.64613623832264,arrival,288,22,5,5,recovery,1
237.8268946721551,arrival,289,23,5,5,recovery,1
238.02716825309506,arrival,290,24,5,5,recovery,1
238.02942381762824,departure,261,25,5,5,recovery,1
238.02942381762824,service_start,266,24,5,5,recovery,1
239.99571050924266,departure,266,24,5,5,recovery,1
239.99571050924266,service_start,267,23,5,5,recovery,1
240.19753880065173,arrival,291,23,5,5,recovery,1
241.1669147758176,departure,251,24,5,5,recovery,1
241.1669147758176,service_start,268,23,5,5,recovery,1
242.00463011450785,departure,265,23,5,5,recovery,1
242.00463011450785,service_start,269,22,5,5,recovery,1
242.14406243864735,arrival,292,22,5,5,recovery,1
242.7608968027317,departure,260,23,5,5,recovery,1
242.7608968027317,service_start,270,22,5,5,recovery,1
242.90497161697314,departure,263,22,5,5,recovery,1
242.90497161697314,service_start,271,21,5,5,recovery,1
243.14074455512582,departure,271,21,5,5,recovery,1
243.14074455512582,service_start,272,20,5,5,recovery,1
243.2951178081448,departure,268,20,5,5,recovery,1
243.2951178081448,service_start,273,19,5,5,recovery,1
244.75469057252832,arrival,293,19,5,5,recovery,1
245.12766918816067,arrival,294,20,5,5,recovery,1
245.14419126938287,arrival,295,21,5,5,recovery,1
245.36264728116677,arrival,296,22,5,5,recovery,1
245.86245437114667,arrival,297,23,5,5,recovery,1
245.93396795748637,departure,272,24,5,5,recovery,1
245.93396795748637,service_start,274,23,5,5,recovery,1
245.94971210907661,departure,270,23,5,5,recovery,1
245.94971210907661,service_start,275,22,5,5,recovery,1
246.06810597415495,departure,273,22,5,5,recovery,1
246.06810597415495,service_start,276,21,5,5,recovery,1
246.1620285814493,departure,274,21,5,5,recovery,1
246.1620285814493,service_start,277,20,5,5,recovery,1
246.1837474359323,departure,269,20,5,5,recovery,1
246.1837474359323,service_start,278,19,5,5,recovery,1
247.2671581140412,departure,276,19,5,5,recovery,1
247.2671581140412,service_start,279,18,5,5,recovery,1
247.35438919803192,departure,279,18,5,5,recovery,1
247.35438919803192,service_start,280,17,5,5,recovery,1
247.8888893234486,departure,280,17,5,5,recovery,1
247.8888893234486,service_start,281,16,5,5,recovery,1
248.53483317595365,arrival,298,16,5,5,recovery,1
248.59843326249396,departure,277,17,5,5,recovery,1
248.59843326249396,service_start,282,16,5,5,recovery,1
249.86679914165893,departure,281,16,5,5,recovery,1
249.86679914165893,service_start,283,15,5,5,recovery,1
250.42847004746687,arrival,299,15,5,5,recovery,1
251.0949105439419,arrival,300,16,5,5,recovery,1
251.2627197923283,arrival,301,17,5,5,recovery,1
251.48712987665385,departure,278,18,5,5,recovery,1
251.48712987665385,service_start,284,17,5,5,recovery,1
252.30572751940096,arrival,302,17,5,5,recovery,1
252.79077382520632,departure,282,18,5,5,recovery,1
252.79077382520632,service_start,285,17,5,5,recovery,1
252.82676335346304,departure,283,17,5,5,recovery,1
252.82676335346304,service_start,286,16,5,5,recovery,1
252.83097600848322,departure,275,16,5,5,recovery,1
252.83097600848322,service_start,287,15,5,5,recovery,1
252.91149750591777,arrival,303,15,5,5,recovery,1
252.93690970567508,arrival,304,16,5,5,recovery,1
253.51755998585242,departure,284,17,5,5,recovery,1
253.51755998585242,service_start,288,16,5,5,recovery,1
253.7533974634174,arrival,305,16,5,5,recovery,1
254.24549100937355,departure,286,17,5,5,recovery,1
254.24549100937355,service_start,289,16,5,5,recovery,1
254.55787940668057,arrival,306,16,5,5,recovery,1
254.56352774828838,arrival,307,17,5,5,recovery,1
254.8103073684934,departure,287,18,5,5,recovery,1
254.8103073684934,service_start,290,17,5,5,recovery,1
255.25552855255486,departure,288,17,5,5,recovery,1
255.25552855255486,service_start,291,16,5,5,recovery,1
255.28436125035316,arrival,308,16,5,5,recovery,1
255.36754387135804,arrival,309,17,5,5,recovery,1
255.6863765617034,departure,267,18,5,5,recovery,1
255.6863765617034,service_start,292,17,5,5,recovery,1
255.95071507952662,departure,291,17,5,5,recovery,1
255.95071507952662,service_start,293,16,5,5,recovery,1
256.7741374252326,departure,285,16,5,5,recovery,1
256.7741374252326,service_start,294,15,5,5,recovery,1
256.95246926721194,arrival,310,15,5,5,recovery,1
257.02279301004944,departure,292,16,5,5,recovery,1
257.02279301004944,service_start,295,15,5,5,recovery,1
257.52683963698206,departure,294,15,5,5,recovery,1
257.52683963698206,service_start,296,14,5,5,recovery,1
258.11254053921584,arrival,311,14,5,5,recovery,1
258.14830865684706,departure,295,15,5,5,recovery,1
258.14830865684706,service_start,297,14,5,5,recovery,1
258.63642101606433,departure,289,14,5,5,recovery,1
258.63642101606433,service_start,298,13,5,5,recovery,1
258.8593351106797,arrival,312,13,5,5,recovery,1
259.13841670397534,arrival,313,14,5,5,recovery,1
259.390437858191,departure,297,15,5,5,recovery,1
259.390437858191,service_start,299,14,5,5,recovery,1
262.886386676712,departure,290,14,5,5,recovery,1
262.886386676712,service_start,300,13,5,5,recovery,1
262.90909358054915,departure,293,13,5,5,recovery,1
262.90909358054915,service_start,301,12,5,5,recovery,1
262.9912867269021,arrival,314,12,5,5,recovery,1
263.14590257616726,arrival,315,13,5,5,recovery,1
263.1878551959007,arrival,316,14,5,5,recovery,1
263.47896832895356,departure,299,15,5,5,recovery,1
263.47896832895356,service_start,302,14,5,5,recovery,1
264.53047508389375,departure,298,14,5,5,recovery,1
264.53047508389375,service_start,303,13,5,5,recovery,1
264.87153167441187,arrival,317,13,5,5,recovery,1
264.990872179453,arrival,318,14,5,5,recovery,1
265.3833229164609,arrival,319,15,5,5,recovery,1
265.95395838558164,arrival,320,16,5,5,recovery,1
266.05825653434937,departure,301,17,5,5,recovery,1
266.05825653434937,service_start,304,16,5,5,recovery,1
266.0674008476452,arrival,321,16,5,5,recovery,1
266.6376685539249,departure,296,17,5,5,recovery,1
266.6376685539249,service_start,305,16,5,5,recovery,1
266.80238012550427,departure,304,16,5,5,recovery,1
266.80238012550427,service_start,306,15,5,5,recovery,1
267.1963836549781,departure,306,15,5,5,recovery,1
267.1963836549781,service_start,307,14,5,5,recovery,1
267.5304576276646,arrival,322,14,5,5,recovery,1
268.1523840330698,arrival,323,15,5,5,recovery,1
269.0193923217069,arrival,324,16,5,5,recovery,1
269.38348346292827,arrival,325,17,5,5,recovery,1
270.0670983214913,arrival,326,18,5,5,recovery,1
271.83029212569215,departure,305,19,5,5,recovery,1
271.83029212569215,service_start,308,18,5,5,recovery,1
272.7018379362779,arrival,327,18,5,5,recovery,1
273.0384662038698,arrival,328,19,5,5,recovery,1
273.813996877098,arrival,329,20,5,5,recovery,1
274.1208513431873,departure,303,21,5,5,recovery,1
274.1208513431873,service_start,309,20,5,5,recovery,1
274.57717094632335,arrival,330,20,5,5,recovery,1
275.28435873220474,arrival,331,21,5,5,recovery,1
275.29602141193664,departure,307,22,5,5,recovery,1
275.29602141193664,service_start,310,21,5,5,recovery,1
275.6029659512402,arrival,332,21,5,5,recovery,1
275.876415529779,departure,310,22,5,5,recovery,1
275.876415529779,service_start,311,21,5,5,recovery,1
276.15454844012174,departure,311,21,5,5,recovery,1
276.15454844012174,service_start,312,20,5,5,recovery,1
276.6812639356256,arrival,333,20,5,5,recovery,1
277.4724776811857,departure,300,21,5,5,recovery,1
277.4724776811857,service_start,313,20,5,5,recovery,1
277.4740052407443,departure,308,20,5,5,recovery,1
277.4740052407443,service_start,314,19,5,5,recovery,1
278.36290496748165,departure,309,19,5,5,recovery,1
278.36290496748165,service_start,315,18,5,5,recovery,1
279.79048516880573,departure,314,18,5,5,recovery,1
279.79048516880573,service_start,316,17,5,5,recovery,1
280.41165632071835,departure,313,17,5,5,recovery,1
280.41165632071835,service_start,317,16,5,5,recovery,1
280.75669120539567,arrival,334,16,5,5,recovery,1
280.80604004851676,arrival,335,17,5,5,recovery,1
280.9995308048253,departure,312,18,5,5,recovery,1
280.9995308048253,service_start,318,17,5,5,recovery,1
281.10890321795034,departure,302,17,5,5,recovery,1
281.10890321795034,service_start,319,16,5,5,recovery,1
281.1645419822633,departure,316,16,5,5,recovery,1
281.1645419822633,service_start,320,15,5,5,recovery,1
281.75716901429405,departure,318,15,5,5,recovery,1
281.75716901429405,service_start,321,14,5,5,recovery,1
282.30119424716526,arrival,336,14,5,5,recovery,1
282.67948389541544,arrival,337,15,5,5,recovery,1
282.80727423963214,departure,321,16,5,5,recovery,1
282.80727423963214,service_start,322,15,5,5,recovery,1
283.02075416343513,arrival,338,15,5,5,recovery,1
283.41792251418565,arrival,339,16,5,5,recovery,1
283.46634751266635,departure,319,17,5,5,recovery,1
283.46634751266635,service_start,323,16,5,5,recovery,1
283.6287290419791,arrival,340,16,5,5,recovery,1
283.7405675743457,arrival,341,17,5,5,recovery,1
284.1467624810684,departure,317,18,5,5,recovery,1
284.1467624810684,service_start,324,17,5,5,recovery,1
284.3977019497249,arrival,342,17,5,5,recovery,1
284.4540613854486,departure,322,18,5,5,recovery,1
284.4540613854486,service_start,325,17,5,5,recovery,1
284.6472183200089,arrival,343,17,5,5,recovery,1
284.8199529834416,arrival,344,18,5,5,recovery,1
285.41579086972564,arrival,345,19,5,5,recovery,1
285.6803719529983,departure,323,20,5,5,recovery,1
285.6803719529983,service_start,326,19,5,5,recovery,1
285.8402707559759,departure,315,19,5,5,recovery,1
285.8402707559759,service_start,327,18,5,5,recovery,1
286.0490528666575,arrival,346,18,5,5,recovery,1
286.21578253210333,arrival,347,19,5,5,recovery,1
286.75216957624656,arrival,348,20,5,5,recovery,1
287.1060740963388,departure,324,21,5,5,recovery,1
287.1060740963388,service_start,328,20,5,5,recovery,1
287.3763313271518,arrival,349,20,5,5,recovery,1
287.8259738107693,arrival,350,21,5,5,recovery,1
287.89835075654344,arrival,351,22,5,5,recovery,1
288.55652053829516,arrival,352,23,5,5,recovery,1
288.5858818947793,arrival,353,24,5,5,recovery,1
289.4341371674244,departure,325,25,5,5,recovery,1
289.4341371674244,service_start,329,24,5,5,recovery,1
289.8966865857756,departure,329,24,5,5,recovery,1
289.8966865857756,service_start,330,23,5,5,recovery,1
290.89064506175833,arrival,354,23,5,5,recovery,1
292.0862886560787,arrival,355,24,5,5,recovery,1
292.25635184996304,departure,330,25,5,5,recovery,1
292.25635184996304,service_start,331,24,5,5,recovery,1
292.38734817126374,departure,331,24,5,5,recovery,1
292.38734817126374,service_start,332,23,5,5,recovery,1
293.28778890808456,departure,332,23,5,5,recovery,1
293.28778890808456,service_start,333,22,5,5,recovery,1
293.2946282076843,arrival,356,22,5,5,recovery,1
293.78952846873085,departure,320,23,5,5,recovery,1
293.78952846873085,service_start,334,22,5,5,recovery,1
294.2144173700988,departure,334,22,5,5,recovery,1
294.2144173700988,service_start,335,21,5,5,recovery,1
295.35755316854755,departure,333,21,5,5,recovery,1
295.35755316854755,service_start,336,20,5,5,recovery,1
295.5855579172793,arrival,357,20,5,5,recovery,1
296.08776791082397,departure,326,21,5,5,recovery,1
296.08776791082397,service_start,337,20,5,5,recovery,1
296.9668676083085,departure,328,20,5,5,recovery,1
296.9668676083085,service_start,338,19,5,5,recovery,1
297.05484007422876,arrival,358,19,5,5,recovery,1
297.48731617153874,arrival,359,20,5,5,recovery,1
297.95324824744716,departure,335,21,5,5,recovery,1
297.95324824744716,service_start,339,20,5,5,recovery,1
298.06077581691136,arrival,360,20,5,5,recovery,1
298.43990064868575,arrival,361,21,5,5,recovery,1
299.45447871961824,departure,339,22,5,5,recovery,1
299.45447871961824,service_start,340,21,5,5,recovery,1
299.65916503692387,arrival,362,21,5,5,recovery,1
300.68241860236367,arrival,363,22,5,5,recovery,1
301.45865502181266,arrival,364,23,5,5,recovery,1
301.4718352349242,arrival,365,24,5,5,recovery,1
301.68741139894985,departure,340,25,5,5,recovery,1
301.68741139894985,service_start,341,24,5,5,recovery,1
301.76054530464387,arrival,366,24,5,5,recovery,1
302.1125743301149,arrival,367,25,5,5,recovery,1
302.6058963046443,departure,341,26,5,5,recovery,1
302.6058963046443,service_start,342,25,5,5,recovery,1
304.34564048328866,arrival,368,25,5,5,recovery,1
306.3987349025712,arrival,369,26,5,5,recovery,1
307.1326764745804,departure,338,27,5,5,recovery,1
307.1326764745804,service_start,343,26,5,5,recovery,1
307.1571848676515,departure,343,26,5,5,recovery,1
307.1571848676515,service_start,344,25,5,5,recovery,1
309.32090693834056,departure,327,25,5,5,recovery,1
309.32090693834056,service_start,345,24,5,5,recovery,1
309.38879050261323,departure,342,24,5,5,recovery,1
309.38879050261323,service_start,346,23,5,5,recovery,1
310.00070347529527,arrival,370,23,5,5,recovery,1
310.54169806965484,departure,337,24,5,5,recovery,1
310.54169806965484,service_start,347,23,5,5,recovery,1
312.63776202620863,arrival,371,23,5,5,recovery,1
312.80728375864135,arrival,372,24,5,5,recovery,1
312.9213070912199,departure,345,25,5,5,recovery,1
312.9213070912199,service_start,348,24,5,5,recovery,1
313.385846707749,arrival,373,24,5,5,recovery,1
314.0329306145606,arrival,374,25,5,5,recovery,1
314.58223117605496,arrival,375,26,5,5,recovery,1
315.0965366415925,arrival,376,27,5,5,recovery,1
315.15943290570243,departure,347,28,5,5,recovery,1
315.15943290570243,service_start,349,27,5,5,recovery,1
315.3579602584371,arrival,377,27,5,5,recovery,1
315.5667941636553,arrival,378,28,5,5,recovery,1
315.6435297717714,arrival,379,29,5,5,recovery,1
315.7012504626132,arrival,380,30,5,5,recovery,1
315.88260003817464,arrival,381,31,5,5,recovery,1
316.02800214696964,departure,344,32,5,5,recovery,1
316.02800214696964,service_start,350,31,5,5,recovery,1
316.2529424362356,arrival,382,31,5,5,recovery,1
316.387141503075,departure,350,32,5,5,recovery,1
316.387141503075,service_start,351,31,5,5,recovery,1
316.411622699605,departure,351,31,5,5,recovery,1
316.411622699605,service_start,352,30,5,5,recovery,1
316.77539225354104,departure,349,30,5,5,recovery,1
316.77539225354104,service_start,353,29,5,5,recovery,1
317.98872071763356,arrival,383,29,5,5,recovery,1
318.11523077683455,departure,336,30,5,5,recovery,1
318.11523077683455,service_start,354,29,5,5,recovery,1
318.8703593497887,departure,346,29,5,5,recovery,1
318.8703593497887,service_start,355,28,5,5,recovery,1
319.181431170725,departure,352,28,5,5,recovery,1
319.181431170725,service_start,356,27,5,5,recovery,1
320.53938714232396,arrival,384,27,5,5,recovery,1
320.699788637768,departure,356,28,5,5,recovery,1
320.699788637768,service_start,357,27,5,5,recovery,1
320.94791905511175,departure,353,27,5,5,recovery,1
320.94791905511175,service_start,358,26,5,5,recovery,1
320.9681724956632,departure,357,26,5,5,recovery,1
320.9681724956632,service_start,359,25,5,5,recovery,1
321.16883941422975,arrival,385,25,5,5,recovery,1
321.3168588342233,departure,355,26,5,5,recovery,1
321.3168588342233,service_start,360,25,5,5,recovery,1
322.12680715817675,departure,348,25,5,5,recovery,1
322.12680715817675,service_start,361,24,5,5,recovery,1
322.22616817051994,arrival,386,24,5,5,recovery,1
323.0524673982614,arrival,387,25,5,5,recovery,1
324.83512267803434,departure,359,26,5,5,recovery,1
324.83512267803434,service_start,362,25,5,5,recovery,1
325.99172214925136,departure,354,25,5,5,recovery,1
325.99172214925136,service_start,363,24,5,5,recovery,1
328.56814417281424,departure,360,24,5,5,recovery,1
328.56814417281424,service_start,364,23,5,5,recovery,1
328.95874575767186,departure,361,23,5,5,recovery,1
328.95874575767186,service_start,365,22,5,5,recovery,1
328.99692707958593,departure,363,22,5,5,recovery,1
328.99692707958593,service_start,366,21,5,5,recovery,1
329.794988759244,arrival,388,21,5,5,recovery,1
329.87480652255357,departure,362,22,5,5,recovery,1
329.87480652255357,service_start,367,21,5,5,recovery,1
329.941293404237,departure,365,21,5,5,recovery,1
329.941293404237,service_start,368,20,5,5,recovery,1
330.4829333315689,departure,366,20,5,5,recovery,1
330.4829333315689,service_start,369,19,5,5,recovery,1
330.88904827662736,departure,367,19,5,5,recovery,1
330.88904827662736,service_start,370,18,5,5,recovery,1
331.0751591555272,departure,370,18,5,5,recovery,1
331.0751591555272,service_start,371,17,5,5,recovery,1
331.26018011249863,arrival,389,17,5,5,recovery,1
331.5995921427103,departure,371,18,5,5,recovery,1
331.5995921427103,service_start,372,17,5,5,recovery,1
331.66283250938073,departure,368,17,5,5,recovery,1
331.66283250938073,service_start,373,16,5,5,recovery,1
332.38729560537763,departure,372,16,5,5,recovery,1
332.38729560537763,service_start,374,15,5,5,recovery,1
332.9090832222214,arrival,390,15,5,5,recovery,1
333.1648881154109,departure,369,16,5,5,recovery,1
333.1648881154109,service_start,375,15,5,5,recovery,1
333.44679231215025,departure,373,15,5,5,recovery,1
333.44679231215025,service_start,376,14,5,5,recovery,1
334.0433082888987,arrival,391,14,5,5,recovery,1
334.16294345049414,arrival,392,15,5,5,recovery,1
334.78992256253986,departure,374,16,5,5,recovery,1
334.78992256253986,service_start,377,15,5,5,recovery,1
334.9671391474935,arrival,393,15,5,5,recovery,1
335.4363383683832,departure,375,16,5,5,recovery,1
335.4363383683832,service_start,378,15,5,5,recovery,1
335.7348836597146,departure,364,15,5,5,recovery,1
335.7348836597146,service_start,379,14,5,5,recovery,1
335.7878374415593,departure,378,14,5,5,recovery,1
335.7878374415593,service_start,380,13,5,5,recovery,1
336.0408507575731,departure,379,13,5,5,recovery,1
336.0408507575731,service_start,381,12,5,5,recovery,1
338.35582533979544,departure,358,12,5,5,recovery,1
338.35582533979544,service_start,382,11,5,5,recovery,1
338.41378050346873,departure,382,11,5,5,recovery,1
338.41378050346873,service_start,383,10,5,5,recovery,1
339.35556322247487,departure,377,10,5,5,recovery,1
339.35556322247487,service_start,384,9,5,5,recovery,1
339.3964793884906,departure,381,9,5,5,recovery,1
339.3964793884906,service_start,385,8,5,5,recovery,1
339.5262190588898,arrival,394,8,5,5,recovery,1
339.83212556578144,arrival,395,9,5,5,recovery,1
339.9781077754791,departure,385,10,5,5,recovery,1
339.9781077754791,service_start,386,9,5,5,recovery,1
340.3345578747059,departure,383,9,5,5,recovery,1
340.3345578747059,service_start,387,8,5,5,recovery,1
340.72821007285046,arrival,396,8,5,5,recovery,1
341.1041531471416,departure,376,9,5,5,recovery,1
341.1041531471416,service_start,388,8,5,5,recovery,1
341.7633484420397,departure,386,8,5,5,recovery,1
341.7633484420397,service_start,389,7,5,5,recovery,1
342.6184226383153,arrival,397,7,5,5,recovery,1
343.33427366181945,departure,380,8,5,5,recovery,1
343.33427366181945,service_start,390,7,5,5,recovery,1
344.149164005404,departure,390,7,5,5,recovery,1
344.149164005404,service_start,391,6,5,5,recovery,1
344.1585356074206,arrival,398,6,5,5,recovery,1
344.1956208076854,arrival,399,7,5,5,recovery,1
344.4286705813117,departure,389,8,5,5,recovery,1
344.4286705813117,service_start,392,7,5,5,recovery,1
344.8016582522809,departure,388,7,5,5,recovery,1
344.8016582522809,service_start,393,6,5,5,recovery,1
344.87382562492286,arrival,400,6,5,5,recovery,1
345.03545570257165,arrival,401,7,5,5,recovery,1
345.3683575437268,arrival,402,8,5,5,recovery,1
345.50255004736294,departure,384,9,5,5,recovery,1
345.50255004736294,service_start,394,8,5,5,recovery,1
346.22058758820094,departure,387,8,5,5,recovery,1
346.22058758820094,service_start,395,7,5,5,recovery,1
346.6789543768874,departure,393,7,5,5,recovery,1
346.6789543768874,service_start,396,6,5,5,recovery,1
347.3587547157934,departure,395,6,5,5,recovery,1
347.3587547157934,service_start,397,5,5,5,recovery,1
348.2650705795353,departure,391,5,5,5,recovery,1
348.2650705795353,service_start,398,4,5,5,recovery,1
348.269122188914,departure,392,4,5,5,recovery,1
348.269122188914,service_start,399,3,5,5,recovery,1
348.42672911470856,arrival,403,3,5,5,recovery,1
348.42816201368345,arrival,404,4,5,5,recovery,1
348.70200252996636,departure,399,5,5,5,recovery,1
348.70200252996636,service_start,400,4,5,5,recovery,1
348.9956913967241,departure,397,4,5,5,recovery,1
348.9956913967241,service_start,401,3,5,5,recovery,1
349.7288794625533,departure,396,3,5,5,recovery,1
349.7288794625533,service_start,402,2,5,5,recovery,1
350.74315869359805,arrival,405,2,5,5,recovery,1
351.1265486750174,departure,400,3,5,5,recovery,1
351.1265486750174,service_start,403,2,5,5,recovery,1
351.2979828199723,departure,398,2,5,5,recovery,1
351.2979828199723,service_start,404,1,5,5,recovery,1
351.3566490347121,departure,394,1,5,5,recovery,1
351.3566490347121,service_start,405,0,5,5,recovery,1
351.73636536769516,departure,401,0,5,5,recovery,1
351.847123434218,departure,402,0,4,5,recovery,1
352.1734271309375,departure,403,0,3,5,recovery,1
352.4935472889191,arrival,406,0,2,5,recovery,1
352.4935472889191,service_start,406,0,3,5,recovery,1
354.7116263188123,arrival,407,0,3,5,recovery,1
354.7116263188123,service_start,407,0,4,5,recovery,1
354.96490093934204,departure,404,0,4,5,recovery,1
355.0097665158977,arrival,408,0,3,5,recovery,1
355.0097665158977,service_start,408,0,4,5,recovery,1
355.1651785862367,departure,407,0,4,5,recovery,1
358.38954247048736,arrival,409,0,3,5,recovery,1
358.38954247048736,service_start,409,0,4,5,recovery,1
358.70936443779544,arrival,410,0,4,5,recovery,1
358.70936443779544,service_start,410,0,5,5,recovery,1
359.4020418104821,arrival,411,0,5,5,recovery,1
359.5539037348881,departure,405,1,5,5,recovery,1
359.5539037348881,service_start,411,0,5,5,recovery,1
359.8492244201924,departure,411,0,5,5,recovery,1
361.64594973625793,departure,408,0,4,5,recovery,1
361.93643464054924,arrival,412,0,3,5,recovery,1
361.93643464054924,service_start,412,0,4,5,recovery,1
362.5748518931539,arrival,413,0,4,5,recovery,1
362.5748518931539,service_start,413,0,5,5,recovery,1
362.71863742862155,arrival,414,0,5,5,recovery,1
362.84328760366424,departure,413,1,5,5,recovery,1
362.84328760366424,service_start,414,0,5,5,recovery,1
363.82195093840704,arrival,415,0,5,5,recovery,1
363.8361699057276,arrival,416,1,5,5,recovery,1
364.0821509638378,arrival,417,2,5,5,recovery,1
364.15026513407025,arrival,418,3,5,5,recovery,1
365.0550241492603,departure,406,4,5,5,recovery,1
365.0550241492603,service_start,415,3,5,5,recovery,1
366.1725783087856,departure,409,3,5,5,recovery,1
366.1725783087856,service_start,416,2,5,5,recovery,1
367.0651649316433,departure,414,2,5,5,recovery,1
367.0651649316433,service_start,417,1,5,5,recovery,1
367.9253676701819,departure,416,1,5,5,recovery,1
367.9253676701819,service_start,418,0,5,5,recovery,1
368.25217330136167,departure,412,0,5,5,recovery,1
369.24719939750327,arrival,419,0,4,5,recovery,1
369.24719939750327,service_start,419,0,5,5,recovery,1
370.037822783695,arrival,420,0,5,5,recovery,1
370.1020211681579,arrival,421,1,5,5,recovery,1
370.1138700723311,departure,415,2,5,5,recovery,1
370.1138700723311,service_start,420,1,5,5,recovery,1
370.12932438118315,arrival,422,1,5,5,recovery,1
370.1744890469779,departure,410,2,5,5,recovery,1
370.1744890469779,service_start,421,1,5,5,recovery,1
370.43392576307116,departure,421,1,5,5,recovery,1
370.43392576307116,service_start,422,0,5,5,recovery,1
370.7151348280255,departure,420,0,5,5,recovery,1
370.79349785063914,departure,418,0,4,5,recovery,1
371.96805302101444,arrival,423,0,3,5,recovery,1
371.96805302101444,service_start,423,0,4,5,recovery,1
372.1107648040093,departure,423,0,4,5,recovery,1
372.3184838555521,arrival,424,0,3,5,recovery,1
372.3184838555521,service_start,424,0,4,5,recovery,1
372.57242515207463,departure,422,0,4,5,recovery,1
373.0419991300878,departure,424,0,3,5,recovery,1
374.0776954213007,arrival,425,0,2,5,recovery,1
374.0776954213007,service_start,425,0,3,5,recovery,1
374.2427371706915,arrival,426,0,3,5,recovery,1
374.2427371706915,service_start,426,0,4,5,recovery,1
374.7570173450133,departure,425,0,4,5,recovery,1
374.9640493751646,arrival,427,0,3,5,recovery,1
374.9640493751646,service_start,427,0,4,5,recovery,1
375.36511286351833,arrival,428,0,4,5,recovery,1
375.36511286351833,service_start,428,0,5,5,recovery,1
376.0660524758911,arrival,429,0,5,5,recovery,1
376.2271582151291,arrival,430,1,5,5,recovery,1
376.96667475045416,departure,419,2,5,5,recovery,1
376.96667475045416,service_start,429,1,5,5,recovery,1
377.3375524219376,departure,427,1,5,5,recovery,1
377.3375524219376,service_start,430,0,5,5,recovery,1
377.8311848430654,departure,430,0,5,5,recovery,1
377.8857250690712,departure,429,0,4,5,recovery,1
378.3012742201661,arrival,431,0,3,5,recovery,1
378.3012742201661,service_start,431,0,4,5,recovery,1
378.61825984702904,departure,431,0,4,5,recovery,1
378.9476272083269,arrival,432,0,3,5,recovery,1
378.9476272083269,service_start,432,0,4,5,recovery,1
379.40601575275883,arrival,433,0,4,5,recovery,1
379.40601575275883,service_start,433,0,5,5,recovery,1
379.4521078448284,departure,426,0,5,5,recovery,1
379.59732239516524,departure,432,0,4,5,recovery,1
381.4812650718622,arrival,434,0,3,5,recovery,1
381.4812650718622,service_start,434,0,4,5,recovery,1
381.49532941611176,arrival,435,0,4,5,recovery,1
381.49532941611176,service_start,435,0,5,5,recovery,1
383.11700910668907,departure,428,0,5,5,recovery,1
383.65322204975445,departure,435,0,4,5,recovery,1
384.1540365856968,arrival,436,0,3,5,recovery,1
384.1540365856968,service_start,436,0,4,5,recovery,1
384.8301242344663,arrival,437,0,4,5,recovery,1
384.8301242344663,service_start,437,0,5,5,recovery,1
385.1598912935835,departure,437,0,5,5,recovery,1
385.2046070291862,arrival,438,0,4,5,recovery,1
385.2046070291862,service_start,438,0,5,5,recovery,1
385.3688371192748,departure,434,0,5,5,recovery,1
385.8800735814567,arrival,439,0,4,5,recovery,1
385.8800735814567,service_start,439,0,5,5,recovery,1
386.96598406352473,arrival,440,0,5,5,recovery,1
387.7627965177041,arrival,441,1,5,5,recovery,1
388.51372843628684,departure,433,2,5,5,recovery,1
388.51372843628684,service_start,440,1,5,5,recovery,1
389.27458859792694,departure,417,1,5,5,recovery,1
389.27458859792694,service_start,441,0,5,5,recovery,1
389.75944915848163,departure,441,0,5,5,recovery,1
390.4049379733613,departure,436,0,4,5,recovery,1
390.4643748066004,departure,438,0,3,5,recovery,1
390.91865706105125,arrival,442,0,2,5,recovery,1
390.91865706105125,service_start,442,0,3,5,recovery,1
391.0216338644462,arrival,443,0,3,5,recovery,1
391.0216338644462,service_start,443,0,4,5,recovery,1
391.1033407255102,departure,443,0,4,5,recovery,1
392.6601427499604,arrival,444,0,3,5,recovery,1
392.6601427499604,service_start,444,0,4,5,recovery,1
393.84285306356975,arrival,445,0,4,5,recovery,1
393.84285306356975,service_start,445,0,5,5,recovery,1
393.91506787473674,departure,445,0,5,5,recovery,1
394.16213272773757,departure,440,0,4,5,recovery,1
394.63334245779635,arrival,446,0,3,5,recovery,1
394.63334245779635,service_start,446,0,4,5,recovery,1
395.1297678028538,departure,444,0,4,5,recovery,1
395.219667178426,arrival,447,0,3,5,recovery,1
395.219667178426,service_start,447,0,4,5,recovery,1
395.76391344485245,departure,447,0,4,5,recovery,1
395.909131590905,arrival,448,0,3,5,recovery,1
395.909131590905,service_start,448,0,4,5,recovery,1
396.0792097703195,arrival,449,0,4,5,recovery,1
396.0792097703195,service_start,449,0,5,5,recovery,1
397.2790246422353,arrival,450,0,5,5,recovery,1
398.38337844418317,departure,439,1,5,5,recovery,1
398.38337844418317,service_start,450,0,5,5,recovery,1
398.4818185753765,departure,446,0,5,5,recovery,1
398.801769579066,departure,450,0,4,5,recovery,1
398.90977958442596,departure,448,0,3,5,recovery,1
398.93791173865577,arrival,451,0,2,5,recovery,1
398.93791173865577,service_start,451,0,3,5,recovery,1
399.37973424179495,departure,449,0,3,5,recovery,1
399.8200270672365,departure,451,0,2,5,recovery,1
400.08395718936873,departure,442,0,1,5,recovery,1
400.232664961355,arrival,452,0,0,5,recovery,1
400.232664961355,service_start,452,0,1,5,recovery,1
400.6923536678907,arrival,453,0,1,5,recovery,1
400.6923536678907,service_start,453,0,2,5,recovery,1
402.30064083545136,arrival,454,0,2,5,recovery,1
402.30064083545136,service_start,454,0,3,5,recovery,1
403.1498040547323,departure,452,0,3,5,recovery,1
405.3248709156128,departure,454,0,2,5,recovery,1
405.73638389757355,arrival,455,0,1,5,recovery,1
405.73638389757355,service_start,455,0,2,5,recovery,1
407.16545698365957,arrival,456,0,2,5,recovery,1
407.16545698365957,service_start,456,0,3,5,recovery,1
407.34535897130564,arrival,457,0,3,5,recovery,1
407.34535897130564,service_start,457,0,4,5,recovery,1
408.22796603262225,departure,456,0,4,5,recovery,1
408.3096669736247,departure,455,0,3,5,recovery,1
408.37833737990036,arrival,458,0,2,5,recovery,1
408.37833737990036,service_start,458,0,3,5,recovery,1
408.6906304409447,departure,458,0,3,5,recovery,1
409.4754688779906,departure,457,0,2,5,recovery,1
410.05555989473675,arrival,459,0,1,5,recovery,1
410.05555989473675,service_start,459,0,2,5,recovery,1
411.76614835518063,departure,453,0,2,5,recovery,1
412.89149797442377,arrival,460,0,1,5,recovery,1
412.89149797442377,service_start,460,0,2,5,recovery,1
413.0307483049747,departure,460,0,2,5,recovery,1
413.2341341723287,arrival,461,0,1,5,recovery,1
413.2341341723287,service_start,461,0,2,5,recovery,1
413.80848951956335,arrival,462,0,2,5,recovery,1
413.80848951956335,service_start,462,0,3,5,recovery,1
414.29434483905635,departure,461,0,3,5,recovery,1
416.0578211938001,departure,462,0,2,5,recovery,1
417.789252350287,arrival,463,0,1,5,recovery,1
417.789252350287,service_start,463,0,2,5,recovery,1
419.03262648137064,departure,463,0,2,5,recovery,1
419.52664676561017,arrival,464,0,1,5,recovery,1
419.52664676561017,service_start,464,0,2,5,recovery,1
420.15092270584535,departure,459,0,2,5,recovery,1
421.3550387905386,departure,464,0,1,5,recovery,1
423.16616994823454,arrival,465,0,0,5,recovery,1
423.16616994823454,service_start,465,0,1,5,recovery,1
423.5625631839037,arrival,466,0,1,5,recovery,1
423.5625631839037,service_start,466,0,2,5,recovery,1
426.9383722573443,arrival,467,0,2,5,recovery,1
426.9383722573443,service_start,467,0,3,5,recovery,1
426.9546881550875,departure,465,0,3,5,recovery,1
427.0133126759127,departure,466,0,2,5,recovery,1
427.4599834275747,arrival,468,0,1,5,recovery,1
427.4599834275747,service_start,468,0,2,5,recovery,1
429.61079187551024,arrival,469,0,2,5,recovery,1
429.61079187551024,service_start,469,0,3,5,recovery,1
430.3364791977869,arrival,470,0,3,5,recovery,1
430.3364791977869,service_start,470,0,4,5,recovery,1
430.62901506792315,arrival,471,0,4,5,recovery,1
430.62901506792315,service_start,471,0,5,5,recovery,1
431.11563728113043,arrival,472,0,5,5,recovery,1
431.6401619018182,arrival,473,1,5,5,recovery,1
432.23948281373515,departure,469,2,5,5,recovery,1
432.23948281373515,service_start,472,1,5,5,recovery,1
432.4071365816149,departure,471,1,5,5,recovery,1
432.4071365816149,service_start,473,0,5,5,recovery,1
432.57413929685305,arrival,474,0,5,5,recovery,1
433.00919617068416,arrival,475,1,5,5,recovery,1
433.18769662471556,arrival,476,2,5,5,recovery,1
433.4371555652262,departure,467,3,5,5,recovery,1
433.4371555652262,service_start,474,2,5,5,recovery,1
434.36783523398185,departure,468,2,5,5,recovery,1
434.36783523398185,service_start,475,1,5,5,recovery,1
434.50144047410504,arrival,477,1,5,5,recovery,1
434.90647223871923,departure,472,2,5,5,recovery,1
434.90647223871923,service_start,476,1,5,5,recovery,1
435.1974166639144,departure,474,1,5,5,recovery,1
435.1974166639144,service_start,477,0,5,5,recovery,1
435.3812049149467,departure,470,0,5,5,recovery,1
435.5077972753157,departure,473,0,4,5,recovery,1
435.87331603336804,departure,477,0,3,5,recovery,1
436.15645158803636,departure,475,0,2,5,recovery,1
436.80785569496123,arrival,478,0,1,5,recovery,1
436.80785569496123,service_start,478,0,2,5,recovery,1
438.94144122894056,arrival,479,0,2,5,recovery,1
438.94144122894056,service_start,479,0,3,5,recovery,1
439.1407719950633,arrival,480,0,3,5,recovery,1
439.1407719950633,service_start,480,0,4,5,recovery,1
439.4400607217363,departure,476,0,4,5,recovery,1
439.76420584975415,departure,478,0,3,5,recovery,1
442.1312970948925,departure,479,0,2,5,recovery,1
442.83716980557125,departure,480,0,1,5,recovery,1
444.4158950915241,arrival,481,0,0,5,recovery,1
444.4158950915241,service_start,481,0,1,5,recovery,1
444.4698241624649,departure,481,0,1,5,recovery,1
445.5656860438376,arrival,482,0,0,5,recovery,1
445.5656860438376,service_start,482,0,1,5,recovery,1
446.24331443341026,arrival,483,0,1,5,recovery,1
446.24331443341026,service_start,483,0,2,5,recovery,1
446.56867947432124,departure,482,0,2,5,recovery,1
446.76648036952747,arrival,484,0,1,5,recovery,1
446.76648036952747,service_start,484,0,2,5,recovery,1
447.0721748365314,departure,483,0,2,5,recovery,1
448.15599367453785,arrival,485,0,1,5,recovery,1
448.15599367453785,service_start,485,0,2,5,recovery,1
448.38791982008854,arrival,486,0,2,5,recovery,1
448.38791982008854,service_start,486,0,3,5,recovery,1
450.3504380322552,arrival,487,0,3,5,recovery,1
450.3504380322552,service_start,487,0,4,5,recovery,1
452.40436552147514,departure,485,0,4,5,recovery,1
452.4604861168756,departure,486,0,3,5,recovery,1
453.8937616291255,arrival,488,0,2,5,recovery,1
453.8937616291255,service_start,488,0,3,5,recovery,1
454.17867950426626,departure,484,0,3,5,recovery,1
454.40073122725994,departure,488,0,2,5,recovery,1
454.4434793046064,departure,487,0,1,5,recovery,1
455.3356938523034,arrival,489,0,0,5,recovery,1
455.3356938523034,service_start,489,0,1,5,recovery,1
456.49023846367686,arrival,490,0,1,5,recovery,1
456.49023846367686,service_start,490,0,2,5,recovery,1
457.65069008028456,arrival,491,0,2,5,recovery,1
457.65069008028456,service_start,491,0,3,5,recovery,1
458.29084345972126,arrival,492,0,3,5,recovery,1
458.29084345972126,service_start,492,0,4,5,recovery,1
459.07110284691237,departure,490,0,4,5,recovery,1
459.2795499428141,arrival,493,0,3,5,recovery,1
459.2795499428141,service_start,493,0,4,5,recovery,1
460.39381098173993,arrival,494,0,4,5,recovery,1
460.39381098173993,service_start,494,0,5,5,recovery,1
460.8468874616814,departure,492,0,5,5,recovery,1
460.91439793136703,departure,494,0,4,5,recovery,1
462.2730625925605,arrival,495,0,3,5,recovery,1
462.2730625925605,service_start,495,0,4,5,recovery,1
462.42419850950836,departure,495,0,4,5,recovery,1
463.4047640765503,departure,493,0,3,5,recovery,1
463.60630236982735,arrival,496,0,2,5,recovery,1
463.60630236982735,service_start,496,0,3,5,recovery,1
463.87959022149806,arrival,497,0,3,5,recovery,1
463.87959022149806,service_start,497,0,4,5,recovery,1
463.9890109274904,departure,497,0,4,5,recovery,1
464.0436784227985,departure,496,0,3,5,recovery,1
464.7724791718584,departure,491,0,2,5,recovery,1
465.8722861633127,arrival,498,0,1,5,recovery,1
465.8722861633127,service_start,498,0,2,5,recovery,1
466.1490832176211,arrival,499,0,2,5,recovery,1
466.1490832176211,service_start,499,0,3,5,recovery,1
466.25056926999906,arrival,500,0,3,5,recovery,1
466.25056926999906,service_start,500,0,4,5,recovery,1
467.24305509944827,arrival,501,0,4,5,recovery,1
467.24305509944827,service_start,501,0,5,5,recovery,1
467.6729848195515,departure,501,0,5,5,recovery,1
468.2690385343104,arrival,502,0,4,5,recovery,1
468.2690385343104,service_start,502,0,5,5,recovery,1
468.3380375692654,departure,498,0,5,5,recovery,1
469.014980716688,departure,502,0,4,5,recovery,1
469.35480290705993,departure,489,0,3,5,recovery,1
469.80349934309106,arrival,503,0,2,5,recovery,1
469.80349934309106,service_start,503,0,3,5,recovery,1
470.47201068787183,arrival,504,0,3,5,recovery,1
470.47201068787183,service_start,504,0,4,5,recovery,1
470.50889494600546,arrival,505,0,4,5,recovery,1
470.50889494600546,service_start,505,0,5,5,recovery,1
470.69112457533134,departure,505,0,5,5,recovery,1
471.0449836917703,arrival,506,0,4,5,recovery,1
471.0449836917703,service_start,506,0,5,5,recovery,1
471.0524611481065,departure,504,0,5,5,recovery,1
471.24047661814603,arrival,507,0,4,5,recovery,1
471.24047661814603,service_start,507,0,5,5,recovery,1
472.1663442252907,departure,506,0,5,5,recovery,1
472.5808694901116,departure,500,0,4,5,recovery,1
472.93559408389524,arrival,508,0,3,5,recovery,1
472.93559408389524,service_start,508,0,4,5,recovery,1
473.03653530494887,departure,503,0,4,5,recovery,1
473.26486161093794,departure,508,0,3,5,recovery,1
474.229189239419,arrival,509,0,2,5,recovery,1
474.229189239419,service_start,509,0,3,5,recovery,1
474.25102796605336,arrival,510,0,3,5,recovery,1
474.25102796605336,service_start,510,0,4,5,recovery,1
474.9348029918294,departure,509,0,4,5,recovery,1
475.06106480490354,arrival,511,0,3,5,recovery,1
475.06106480490354,service_start,511,0,4,5,recovery,1
475.3634334779919,arrival,512,0,4,5,recovery,1
475.3634334779919,service_start,512,0,5,5,recovery,1
475.5548213583005,departure,510,0,5,5,recovery,1
476.515839640263,arrival,513,0,4,5,recovery,1
476.515839640263,service_start,513,0,5,5,recovery,1
476.56127636632465,departure,512,0,5,5,recovery,1
477.7832269949245,arrival,514,0,4,5,recovery,1
477.7832269949245,service_start,514,0,5,5,recovery,1
478.14992472378606,arrival,515,0,5,5,recovery,1
478.2202319801151,departure,499,1,5,5,recovery,1
478.2202319801151,service_start,515,0,5,5,recovery,1
478.50656905401826,departure,515,0,5,5,recovery,1
