scenario_id,s,tau,delta_c,mean_Tover,mean_Trec,mean_Wq,mean_maxNq,mean_throughput,replications
s1.2_tau0_dc0,1.2,0.0,0,261.71095879689005,146.92441044152076,12.203121706309897,31.4,0.9222916666666668,10
s1.2_tau0_dc1,1.2,0.0,1,10.815257178679108,3.8532917664549218,1.3166795841446925,12.6,0.9252083333333333,10
s1.2_tau0_dc2,1.2,0.0,2,1.5838819647092748,2.2589370035630965,0.5752457468225798,7.5,0.93,10
s1.2_tau15_dc0,1.2,15.0,0,246.76636883324358,144.8487305942539,8.456701407775643,24.2,0.9104166666666667,10
s1.2_tau15_dc1,1.2,15.0,1,48.17210481175978,12.610430644493846,2.563816495721961,15.8,0.930625,10
s1.2_tau15_dc2,1.2,15.0,2,21.683354957803584,1.0954022263955552,1.0619916584248843,10.8,0.943125,10
s1.2_tau30_dc0,1.2,30.0,0,197.93515751580114,44.26892335674486,6.275179842531821,22.0,0.8839583333333335,10
s1.2_tau30_dc1,1.2,30.0,1,57.04420987522396,19.826757364713295,2.4338591709281188,14.4,0.9068750000000001,10
s1.2_tau30_dc2,1.2,30.0,2,40.56274522736424,2.6147218557566134,1.3575685234241452,13.4,0.9404166666666667,10
s1.2_tau60_dc0,1.2,60.0,0,274.71034788755907,171.2273991877076,14.615209585056899,36.0,0.9314583333333332,10
s1.2_tau60_dc1,1.2,60.0,1,77.82253499354162,12.800826120974552,2.453422421919382,15.4,0.9152083333333334,10
s1.2_tau60_dc2,1.2,60.0,2,81.22083431407606,2.0640809587860387,2.25628658331708,16.9,0.9191666666666665,10
s1.2_tau120_dc0,1.2,120.0,0,295.2730037933385,164.33285340850927,11.917685845278744,30.3,0.9049999999999999,10
s1.2_tau120_dc1,1.2,120.0,1,144.192260153862,43.291386725272226,4.66204379429132,23.6,0.9231250000000001,10
s1.2_tau120_dc2,1.2,120.0,2,141.6851237945906,27.3288974217634,5.097587371617318,24.9,0.9525,10
s1.5_tau0_dc0,1.5,0.0,0,357.7788948479457,224.26450896068417,26.32155236377555,52.4,0.9487500000000001,10
s1.5_tau0_dc1,1.5,0.0,1,161.2717591460982,50.67298549940215,5.915696588075432,29.4,1.0152083333333333,10
s1.5_tau0_dc2,1.5,0.0,2,39.520696834746694,20.259554179071856,2.3415725769028173,17.4,1.0039583333333333,10
s1.5_tau15_dc0,1.5,15.0,0,334.74240521958455,212.05315495144842,24.30292855565131,53.3,0.97625,10
s1.5_tau15_dc1,1.5,15.0,1,153.9576918080221,40.055493404112646,4.919186959424069,26.8,1.0225000000000002,10
s1.5_tau15_dc2,1.5,15.0,2,54.20316284943355,16.418701726339744,2.3995027707561176,18.8,1.0091666666666665,10
s1.5_tau30_dc0,1.5,30.0,0,354.0341298502628,255.50657774993368,24.546136576093254,51.4,0.9487499999999999,10
s1.5_tau30_dc1,1.5,30.0,1,171.3938622316883,61.68707838206656,7.139062249248124,30.7,1.0160416666666667,10
s1.5_tau30_dc2,1.5,30.0,2,54.82525094240994,5.43575970398623,2.0029938043527697,16.9,0.9881249999999999,10
s1.5_tau60_dc0,1.5,60.0,0,402.6414444177334,285.6432458341461,31.65130047655328,62.0,0.9620833333333332,10
s1.5_tau60_dc1,1.5,60.0,1,179.9157013354408,69.26990619273973,7.966403523884745,32.6,0.9897916666666667,10
s1.5_tau60_dc2,1.5,60.0,2,104.13547701928385,21.39855265000943,4.319649026550207,27.8,0.9983333333333334,10
s1.5_tau120_dc0,1.5,120.0,0,341.826878422475,217.19107880423894,22.407764675704613,51.4,0.9674999999999999,10
s1.5_tau120_dc1,1.5,120.0,1,224.84073433303556,121.0059787549882,11.937352146767703,48.3,1.0070833333333336,10
s1.5_tau120_dc2,1.5,120.0,2,195.85436278415543,87.09446800429168,12.730274804997162,56.7,0.9983333333333334,10
s2.0_tau0_dc0,2.0,0.0,0,414.59170714732534,297.6591901389514,50.93334057591554,93.9,0.9714583333333333,10
s2.0_tau0_dc1,2.0,0.0,1,313.5866948365816,208.55649749987592,25.493303595645962,78.2,1.1239583333333332,10
s2.0_tau0_dc2,2.0,0.0,2,176.99983400346687,63.494406863642766,9.645488498601297,49.1,1.103125,10
s2.0_tau15_dc0,2.0,15.0,0,416.49596265314506,297.38691658052255,57.805782621188314,102.6,0.969375,10
s2.0_tau15_dc1,2.0,15.0,1,312.81557925780214,201.8634381581815,24.702266240762793,74.1,1.1149999999999998,10
s2.0_tau15_dc2,2.0,15.0,2,171.184095535146,59.146275104192306,8.280368215175473,44.2,1.0825,10
s2.0_tau30_dc0,2.0,30.0,0,426.568577438636,300.0,53.8378299090506,98.9,0.99125,10
s2.0_tau30_dc1,2.0,30.0,1,290.953858978046,185.63094798474694,25.360503460280537,80.8,1.1114583333333334,10
s2.0_tau30_dc2,2.0,30.0,2,191.64098479537998,81.07235173410992,10.899504531769704,48.3,1.1143750000000001,10
s2.0_tau60_dc0,2.0,60.0,0,421.07645833326086,300.0,58.98945944457696,108.1,0.9824999999999999,10
s2.0_tau60_dc1,2.0,60.0,1,277.8385407831734,182.78138757748405,24.206943353293198,82.0,1.0845833333333332,10
s2.0_tau60_dc2,2.0,60.0,2,223.70388402496278,113.834599185369,18.102724039985617,73.4,1.098125,10
s2.0_tau120_dc0,2.0,120.0,0,411.29247643073523,298.1461038293973,63.857172901537204,111.0,0.9545833333333335,10
s2.0_tau120_dc1,2.0,120.0,1,373.4312191208976,264.22131340052795,44.26010411044306,114.7,1.1189583333333335,10
s2.0_tau120_dc2,2.0,120.0,2,291.6190665691355,185.54360782203884,29.754918981665263,101.8,1.1208333333333333,10
