time,Nq,Ns,c,regime,lambda,rho,policy_activated
0.0,0,0,4,normal,0.9,0.9,0
1.0,0,0,4,normal,0.9,0.9,0
2.0,0,0,4,normal,0.9,0.9,0
3.0,0,1,4,normal,0.9,0.9,0
4.0,0,3,4,normal,0.9,0.9,0
5.0,0,4,4,normal,0.9,0.9,0
6.0,1,4,4,normal,0.9,0.9,0
7.0,1,4,4,normal,0.9,0.9,0
8.0,1,4,4,normal,0.9,0.9,0
9.0,1,4,4,normal,0.9,0.9,0
10.0,1,4,4,normal,0.9,0.9,0
11.0,3,4,4,normal,0.9,0.9,0
12.0,3,4,4,normal,0.9,0.9,0
13.0,4,4,4,normal,0.9,0.9,0
14.0,3,4,4,normal,0.9,0.9,0
15.0,2,4,4,normal,0.9,0.9,0
16.0,4,4,4,normal,0.9,0.9,0
17.0,4,4,4,normal,0.9,0.9,0
18.0,5,4,4,normal,0.9,0.9,0
19.0,5,4,4,normal,0.9,0.9,0
20.0,4,4,4,normal,0.9,0.9,0
21.0,5,4,4,normal,0.9,0.9,0
22.0,5,4,4,normal,0.9,0.9,0
23.0,6,4,4,normal,0.9,0.9,0
24.0,6,4,4,normal,0.9,0.9,0
25.0,5,4,4,normal,0.9,0.9,0
26.0,4,4,4,normal,0.9,0.9,0
27.0,3,4,4,normal,0.9,0.9,0
28.0,4,4,4,normal,0.9,0.9,0
29.0,4,4,4,normal,0.9,0.9,0
30.0,4,4,4,normal,0.9,0.9,0
31.0,3,4,4,normal,0.9,0.9,0
32.0,3,4,4,normal,0.9,0.9,0
33.0,3,4,4,normal,0.9,0.9,0
34.0,4,4,4,normal,0.9,0.9,0
35.0,4,4,4,normal,0.9,0.9,0
36.0,4,4,4,normal,0.9,0.9,0
37.0,2,4,4,normal,0.9,0.9,0
38.0,4,4,4,normal,0.9,0.9,0
39.0,4,4,4,normal,0.9,0.9,0
40.0,2,4,4,normal,0.9,0.9,0
41.0,2,4,4,normal,0.9,0.9,0
42.0,0,4,4,normal,0.9,0.9,0
43.0,0,3,4,normal,0.9,0.9,0
44.0,0,2,4,normal,0.9,0.9,0
45.0,0,1,4,normal,0.9,0.9,0
46.0,0,1,4,normal,0.9,0.9,0
47.0,0,1,4,normal,0.9,0.9,0
48.0,0,0,4,normal,0.9,0.9,0
49.0,0,0,4,normal,0.9,0.9,0
50.0,0,0,4,normal,0.9,0.9,0
51.0,0,3,4,normal,0.9,0.9,0
52.0,0,2,4,normal,0.9,0.9,0
53.0,0,4,4,normal,0.9,0.9,0
54.0,0,1,4,normal,0.9,0.9,0
55.0,0,1,4,normal,0.9,0.9,0
56.0,0,1,4,normal,0.9,0.9,0
57.0,0,1,4,normal,0.9,0.9,0
58.0,0,1,4,normal,0.9,0.9,0
59.0,0,1,4,normal,0.9,0.9,0
60.0,0,1,4,normal,0.9,0.9,0
61.0,0,4,4,overload,1.35,1.35,0
62.0,1,4,4,overload,1.35,1.35,0
63.0,2,4,4,overload,1.35,1.35,0
64.0,2,4,4,overload,1.35,1.35,0
65.0,2,4,4,overload,1.35,1.35,0
66.0,0,3,4,overload,1.35,1.35,0
67.0,2,4,4,overload,1.35,1.35,0
68.0,1,4,4,overload,1.35,1.35,0
69.0,2,4,4,overload,1.35,1.35,0
70.0,3,4,4,overload,1.35,1.35,0
71.0,2,4,4,overload,1.35,1.35,0
72.0,1,4,4,overload,1.35,1.35,0
73.0,2,4,4,overload,1.35,1.35,0
74.0,4,4,4,overload,1.35,1.35,0
75.0,7,4,4,overload,1.35,1.35,0
76.0,8,4,4,overload,1.35,1.35,0
77.0,9,4,4,overload,1.35,1.35,0
78.0,8,4,4,overload,1.35,1.35,0
79.0,6,4,4,overload,1.35,1.35,0
80.0,7,4,4,overload,1.35,1.35,0
81.0,7,4,4,overload,1.35,1.35,0
82.0,7,4,4,overload,1.35,1.35,0
83.0,9,4,4,overload,1.35,1.35,0
84.0,10,4,4,overload,1.35,1.35,0
85.0,11,4,4,overload,1.35,1.35,0
86.0,12,4,4,overload,1.35,1.35,0
87.0,15,4,4,overload,1.35,1.35,0
88.0,14,4,4,overload,1.35,1.35,0
89.0,14,4,4,overload,1.35,1.35,0
90.0,14,4,4,overload,1.35,1.35,0
91.0,16,4,4,overload,1.35,1.35,0
92.0,18,4,4,overload,1.35,1.35,0
93.0,22,4,4,overload,1.35,1.35,0
94.0,22,4,4,overload,1.35,1.35,0
95.0,22,4,4,overload,1.35,1.35,0
96.0,26,4,4,overload,1.35,1.35,0
97.0,27,4,4,overload,1.35,1.35,0
98.0,26,4,4,overload,1.35,1.35,0
99.0,26,4,4,overload,1.35,1.35,0
100.0,28,4,4,overload,1.35,1.35,0
101.0,29,4,4,overload,1.35,1.35,0
102.0,29,4,4,overload,1.35,1.35,0
103.0,27,4,4,overload,1.35,1.35,0
104.0,29,4,4,overload,1.35,1.35,0
105.0,27,4,4,overload,1.35,1.35,0
106.0,30,4,4,overload,1.35,1.35,0
107.0,31,4,4,overload,1.35,1.35,0
108.0,31,4,4,overload,1.35,1.35,0
109.0,32,4,4,overload,1.35,1.35,0
110.0,32,4,4,overload,1.35,1.35,0
111.0,32,4,4,overload,1.35,1.35,0
112.0,34,4,4,overload,1.35,1.35,0
113.0,33,4,4,overload,1.35,1.35,0
114.0,32,4,4,overload,1.35,1.35,0
115.0,33,4,4,overload,1.35,1.35,0
116.0,36,4,4,overload,1.35,1.35,0
117.0,34,4,4,overload,1.35,1.35,0
118.0,35,4,4,overload,1.35,1.35,0
119.0,33,4,4,overload,1.35,1.35,0
120.0,34,4,4,overload,1.35,1.35,0
121.0,33,5,5,overload,1.35,1.08,1
122.0,34,5,5,overload,1.35,1.08,1
123.0,33,5,5,overload,1.35,1.08,1
124.0,34,5,5,overload,1.35,1.08,1
125.0,35,5,5,overload,1.35,1.08,1
126.0,35,5,5,overload,1.35,1.08,1
127.0,37,5,5,overload,1.35,1.08,1
128.0,39,5,5,overload,1.35,1.08,1
129.0,44,5,5,overload,1.35,1.08,1
130.0,46,5,5,overload,1.35,1.08,1
131.0,47,5,5,overload,1.35,1.08,1
132.0,46,5,5,overload,1.35,1.08,1
133.0,44,5,5,overload,1.35,1.08,1
134.0,44,5,5,overload,1.35,1.08,1
135.0,42,5,5,overload,1.35,1.08,1
136.0,42,5,5,overload,1.35,1.08,1
137.0,39,5,5,overload,1.35,1.08,1
138.0,40,5,5,overload,1.35,1.08,1
139.0,41,5,5,overload,1.35,1.08,1
140.0,43,5,5,overload,1.35,1.08,1
141.0,46,5,5,overload,1.35,1.08,1
142.0,47,5,5,overload,1.35,1.08,1
143.0,46,5,5,overload,1.35,1.08,1
144.0,46,5,5,overload,1.35,1.08,1
145.0,45,5,5,overload,1.35,1.08,1
146.0,46,5,5,overload,1.35,1.08,1
147.0,44,5,5,overload,1.35,1.08,1
148.0,44,5,5,overload,1.35,1.08,1
149.0,46,5,5,overload,1.35,1.08,1
150.0,47,5,5,overload,1.35,1.08,1
151.0,44,5,5,overload,1.35,1.08,1
152.0,46,5,5,overload,1.35,1.08,1
153.0,46,5,5,overload,1.35,1.08,1
154.0,44,5,5,overload,1.35,1.08,1
155.0,44,5,5,overload,1.35,1.08,1
156.0,42,5,5,overload,1.35,1.08,1
157.0,43,5,5,overload,1.35,1.08,1
158.0,45,5,5,overload,1.35,1.08,1
159.0,45,5,5,overload,1.35,1.08,1
160.0,42,5,5,overload,1.35,1.08,1
161.0,39,5,5,overload,1.35,1.08,1
162.0,37,5,5,overload,1.35,1.08,1
163.0,36,5,5,overload,1.35,1.08,1
164.0,38,5,5,overload,1.35,1.08,1
165.0,39,5,5,overload,1.35,1.08,1
166.0,39,5,5,overload,1.35,1.08,1
167.0,42,5,5,overload,1.35,1.08,1
168.0,41,5,5,overload,1.35,1.08,1
169.0,44,5,5,overload,1.35,1.08,1
170.0,43,5,5,overload,1.35,1.08,1
171.0,43,5,5,overload,1.35,1.08,1
172.0,44,5,5,overload,1.35,1.08,1
173.0,46,5,5,overload,1.35,1.08,1
174.0,46,5,5,overload,1.35,1.08,1
175.0,47,5,5,overload,1.35,1.08,1
176.0,50,5,5,overload,1.35,1.08,1
177.0,50,5,5,overload,1.35,1.08,1
178.0,49,5,5,overload,1.35,1.08,1
179.0,51,5,5,overload,1.35,1.08,1
180.0,48,5,5,overload,1.35,1.08,1
181.0,47,5,5,recovery,0.9,0.72,1
182.0,45,5,5,recovery,0.9,0.72,1
183.0,46,5,5,recovery,0.9,0.72,1
184.0,42,5,5,recovery,0.9,0.72,1
185.0,42,5,5,recovery,0.9,0.72,1
186.0,43,5,5,recovery,0.9,0.72,1
187.0,42,5,5,recovery,0.9,0.72,1
188.0,43,5,5,recovery,0.9,0.72,1
189.0,42,5,5,recovery,0.9,0.72,1
190.0,43,5,5,recovery,0.9,0.72,1
191.0,44,5,5,recovery,0.9,0.72,1
192.0,45,5,5,recovery,0.9,0.72,1
193.0,43,5,5,recovery,0.9,0.72,1
194.0,40,5,5,recovery,0.9,0.72,1
195.0,40,5,5,recovery,0.9,0.72,1
196.0,38,5,5,recovery,0.9,0.72,1
197.0,37,5,5,recovery,0.9,0.72,1
198.0,38,5,5,recovery,0.9,0.72,1
199.0,38,5,5,recovery,0.9,0.72,1
200.0,36,5,5,recovery,0.9,0.72,1
201.0,35,5,5,recovery,0.9,0.72,1
202.0,34,5,5,recovery,0.9,0.72,1
203.0,32,5,5,recovery,0.9,0.72,1
204.0,32,5,5,recovery,0.9,0.72,1
205.0,31,5,5,recovery,0.9,0.72,1
206.0,32,5,5,recovery,0.9,0.72,1
207.0,32,5,5,recovery,0.9,0.72,1
208.0,34,5,5,recovery,0.9,0.72,1
209.0,35,5,5,recovery,0.9,0.72,1
210.0,35,5,5,recovery,0.9,0.72,1
211.0,36,5,5,recovery,0.9,0.72,1
212.0,38,5,5,recovery,0.9,0.72,1
213.0,37,5,5,recovery,0.9,0.72,1
214.0,38,5,5,recovery,0.9,0.72,1
215.0,36,5,5,recovery,0.9,0.72,1
216.0,35,5,5,recovery,0.9,0.72,1
217.0,37,5,5,recovery,0.9,0.72,1
218.0,33,5,5,recovery,0.9,0.72,1
219.0,33,5,5,recovery,0.9,0.72,1
220.0,32,5,5,recovery,0.9,0.72,1
221.0,33,5,5,recovery,0.9,0.72,1
222.0,33,5,5,recovery,0.9,0.72,1
223.0,32,5,5,recovery,0.9,0.72,1
224.0,30,5,5,recovery,0.9,0.72,1
225.0,27,5,5,recovery,0.9,0.72,1
226.0,25,5,5,recovery,0.9,0.72,1
227.0,28,5,5,recovery,0.9,0.72,1
228.0,28,5,5,recovery,0.9,0.72,1
229.0,28,5,5,recovery,0.9,0.72,1
230.0,26,5,5,recovery,0.9,0.72,1
231.0,24,5,5,recovery,0.9,0.72,1
232.0,23,5,5,recovery,0.9,0.72,1
233.0,22,5,5,recovery,0.9,0.72,1
234.0,21,5,5,recovery,0.9,0.72,1
235.0,21,5,5,recovery,0.9,0.72,1
236.0,20,5,5,recovery,0.9,0.72,1
237.0,21,5,5,recovery,0.9,0.72,1
238.0,24,5,5,recovery,0.9,0.72,1
239.0,24,5,5,recovery,0.9,0.72,1
240.0,23,5,5,recovery,0.9,0.72,1
241.0,24,5,5,recovery,0.9,0.72,1
242.0,23,5,5,recovery,0.9,0.72,1
243.0,21,5,5,recovery,0.9,0.72,1
244.0,19,5,5,recovery,0.9,0.72,1
245.0,20,5,5,recovery,0.9,0.72,1
246.0,22,5,5,recovery,0.9,0.72,1
247.0,19,5,5,recovery,0.9,0.72,1
248.0,16,5,5,recovery,0.9,0.72,1
249.0,16,5,5,recovery,0.9,0.72,1
250.0,15,5,5,recovery,0.9,0.72,1
251.0,16,5,5,recovery,0.9,0.72,1
252.0,17,5,5,recovery,0.9,0.72,1
253.0,17,5,5,recovery,0.9,0.72,1
254.0,17,5,5,recovery,0.9,0.72,1
255.0,17,5,5,recovery,0.9,0.72,1
256.0,16,5,5,recovery,0.9,0.72,1
257.0,16,5,5,recovery,0.9,0.72,1
258.0,14,5,5,recovery,0.9,0.72,1
259.0,14,5,5,recovery,0.9,0.72,1
260.0,14,5,5,recovery,0.9,0.72,1
261.0,14,5,5,recovery,0.9,0.72,1
262.0,14,5,5,recovery,0.9,0.72,1
263.0,13,5,5,recovery,0.9,0.72,1
264.0,14,5,5,recovery,0.9,0.72,1
265.0,15,5,5,recovery,0.9,0.72,1
266.0,17,5,5,recovery,0.9,0.72,1
267.0,15,5,5,recovery,0.9,0.72,1
268.0,15,5,5,recovery,0.9,0.72,1
269.0,16,5,5,recovery,0.9,0.72,1
270.0,18,5,5,recovery,0.9,0.72,1
271.0,19,5,5,recovery,0.9,0.72,1
272.0,18,5,5,recovery,0.9,0.72,1
273.0,19,5,5,recovery,0.9,0.72,1
274.0,21,5,5,recovery,0.9,0.72,1
275.0,21,5,5,recovery,0.9,0.72,1
276.0,21,5,5,recovery,0.9,0.72,1
277.0,21,5,5,recovery,0.9,0.72,1
278.0,19,5,5,recovery,0.9,0.72,1
279.0,18,5,5,recovery,0.9,0.72,1
280.0,17,5,5,recovery,0.9,0.72,1
281.0,17,5,5,recovery,0.9,0.72,1
282.0,14,5,5,recovery,0.9,0.72,1
283.0,15,5,5,recovery,0.9,0.72,1
284.0,18,5,5,recovery,0.9,0.72,1
285.0,19,5,5,recovery,0.9,0.72,1
286.0,18,5,5,recovery,0.9,0.72,1
287.0,21,5,5,recovery,0.9,0.72,1
288.0,23,5,5,recovery,0.9,0.72,1
289.0,25,5,5,recovery,0.9,0.72,1
290.0,23,5,5,recovery,0.9,0.72,1
291.0,24,5,5,recovery,0.9,0.72,1
292.0,24,5,5,recovery,0.9,0.72,1
293.0,23,5,5,recovery,0.9,0.72,1
294.0,22,5,5,recovery,0.9,0.72,1
295.0,21,5,5,recovery,0.9,0.72,1
296.0,21,5,5,recovery,0.9,0.72,1
297.0,19,5,5,recovery,0.9,0.72,1
298.0,20,5,5,recovery,0.9,0.72,1
299.0,22,5,5,recovery,0.9,0.72,1
300.0,22,5,5,recovery,0.9,0.72,1
301.0,23,5,5,recovery,0.9,0.72,1
302.0,25,5,5,recovery,0.9,0.72,1
303.0,25,5,5,recovery,0.9,0.72,1
304.0,25,5,5,recovery,0.9,0.72,1
305.0,26,5,5,recovery,0.9,0.72,1
306.0,26,5,5,recovery,0.9,0.72,1
307.0,27,5,5,recovery,0.9,0.72,1
308.0,25,5,5,recovery,0.9,0.72,1
309.0,25,5,5,recovery,0.9,0.72,1
310.0,23,5,5,recovery,0.9,0.72,1
311.0,23,5,5,recovery,0.9,0.72,1
312.0,23,5,5,recovery,0.9,0.72,1
313.0,24,5,5,recovery,0.9,0.72,1
314.0,25,5,5,recovery,0.9,0.72,1
315.0,27,5,5,recovery,0.9,0.72,1
316.0,32,5,5,recovery,0.9,0.72,1
317.0,29,5,5,recovery,0.9,0.72,1
318.0,30,5,5,recovery,0.9,0.72,1
319.0,28,5,5,recovery,0.9,0.72,1
320.0,27,5,5,recovery,0.9,0.72,1
321.0,25,5,5,recovery,0.9,0.72,1
322.0,25,5,5,recovery,0.9,0.72,1
323.0,25,5,5,recovery,0.9,0.72,1
324.0,26,5,5,recovery,0.9,0.72,1
325.0,25,5,5,recovery,0.9,0.72,1
326.0,24,5,5,recovery,0.9,0.72,1
327.0,24,5,5,recovery,0.9,0.72,1
328.0,24,5,5,recovery,0.9,0.72,1
329.0,21,5,5,recovery,0.9,0.72,1
330.0,20,5,5,recovery,0.9,0.72,1
331.0,18,5,5,recovery,0.9,0.72,1
332.0,16,5,5,recovery,0.9,0.72,1
333.0,16,5,5,recovery,0.9,0.72,1
334.0,14,5,5,recovery,0.9,0.72,1
335.0,16,5,5,recovery,0.9,0.72,1
336.0,13,5,5,recovery,0.9,0.72,1
337.0,12,5,5,recovery,0.9,0.72,1
338.0,12,5,5,recovery,0.9,0.72,1
339.0,10,5,5,recovery,0.9,0.72,1
340.0,9,5,5,recovery,0.9,0.72,1
341.0,9,5,5,recovery,0.9,0.72,1
342.0,7,5,5,recovery,0.9,0.72,1
343.0,8,5,5,recovery,0.9,0.72,1
344.0,7,5,5,recovery,0.9,0.72,1
345.0,7,5,5,recovery,0.9,0.72,1
346.0,8,5,5,recovery,0.9,0.72,1
347.0,6,5,5,recovery,0.9,0.72,1
348.0,5,5,5,recovery,0.9,0.72,1
349.0,3,5,5,recovery,0.9,0.72,1
350.0,2,5,5,recovery,0.9,0.72,1
351.0,3,5,5,recovery,0.9,0.72,1
352.0,0,3,5,recovery,0.9,0.72,1
353.0,0,3,5,recovery,0.9,0.72,1
354.0,0,3,5,recovery,0.9,0.72,1
355.0,0,3,5,recovery,0.9,0.72,1
356.0,0,3,5,recovery,0.9,0.72,1
357.0,0,3,5,recovery,0.9,0.72,1
358.0,0,3,5,recovery,0.9,0.72,1
359.0,0,5,5,recovery,0.9,0.72,1
360.0,0,4,5,recovery,0.9,0.72,1
361.0,0,4,5,recovery,0.9,0.72,1
362.0,0,4,5,recovery,0.9,0.72,1
363.0,0,5,5,recovery,0.9,0.72,1
364.0,2,5,5,recovery,0.9,0.72,1
365.0,4,5,5,recovery,0.9,0.72,1
366.0,3,5,5,recovery,0.9,0.72,1
367.0,2,5,5,recovery,0.9,0.72,1
368.0,0,5,5,recovery,0.9,0.72,1
369.0,0,4,5,recovery,0.9,0.72,1
370.0,0,5,5,recovery,0.9,0.72,1
371.0,0,3,5,recovery,0.9,0.72,1
372.0,0,4,5,recovery,0.9,0.72,1
373.0,0,3,5,recovery,0.9,0.72,1
374.0,0,2,5,recovery,0.9,0.72,1
375.0,0,4,5,recovery,0.9,0.72,1
376.0,0,5,5,recovery,0.9,0.72,1
377.0,1,5,5,recovery,0.9,0.72,1
378.0,0,3,5,recovery,0.9,0.72,1
379.0,0,4,5,recovery,0.9,0.72,1
380.0,0,3,5,recovery,0.9,0.72,1
381.0,0,3,5,recovery,0.9,0.72,1
382.0,0,5,5,recovery,0.9,0.72,1
383.0,0,5,5,recovery,0.9,0.72,1
384.0,0,3,5,recovery,0.9,0.72,1
385.0,0,5,5,recovery,0.9,0.72,1
386.0,0,5,5,recovery,0.9,0.72,1
387.0,1,5,5,recovery,0.9,0.72,1
388.0,2,5,5,recovery,0.9,0.72,1
389.0,1,5,5,recovery,0.9,0.72,1
390.0,0,4,5,recovery,0.9,0.72,1
391.0,0,3,5,recovery,0.9,0.72,1
392.0,0,3,5,recovery,0.9,0.72,1
393.0,0,4,5,recovery,0.9,0.72,1
394.0,0,4,5,recovery,0.9,0.72,1
395.0,0,4,5,recovery,0.9,0.72,1
396.0,0,4,5,recovery,0.9,0.72,1
397.0,0,5,5,recovery,0.9,0.72,1
398.0,1,5,5,recovery,0.9,0.72,1
399.0,0,3,5,recovery,0.9,0.72,1
400.0,0,1,5,recovery,0.9,0.72,1
401.0,0,2,5,recovery,0.9,0.72,1
402.0,0,2,5,recovery,0.9,0.72,1
403.0,0,3,5,recovery,0.9,0.72,1
404.0,0,2,5,recovery,0.9,0.72,1
405.0,0,2,5,recovery,0.9,0.72,1
406.0,0,2,5,recovery,0.9,0.72,1
407.0,0,2,5,recovery,0.9,0.72,1
408.0,0,4,5,recovery,0.9,0.72,1
409.0,0,2,5,recovery,0.9,0.72,1
410.0,0,1,5,recovery,0.9,0.72,1
411.0,0,2,5,recovery,0.9,0.72,1
412.0,0,1,5,recovery,0.9,0.72,1
413.0,0,2,5,recovery,0.9,0.72,1
414.0,0,3,5,recovery,0.9,0.72,1
415.0,0,2,5,recovery,0.9,0.72,1
416.0,0,2,5,recovery,0.9,0.72,1
417.0,0,1,5,recovery,0.9,0.72,1
418.0,0,2,5,recovery,0.9,0.72,1
419.0,0,2,5,recovery,0.9,0.72,1
420.0,0,2,5,recovery,0.9,0.72,1
421.0,0,1,5,recovery,0.9,0.72,1
422.0,0,0,5,recovery,0.9,0.72,1
423.0,0,0,5,recovery,0.9,0.72,1
424.0,0,2,5,recovery,0.9,0.72,1
425.0,0,2,5,recovery,0.9,0.72,1
426.0,0,2,5,recovery,0.9,0.72,1
427.0,0,2,5,recovery,0.9,0.72,1
428.0,0,2,5,recovery,0.9,0.72,1
429.0,0,2,5,recovery,0.9,0.72,1
430.0,0,3,5,recovery,0.9,0.72,1
431.0,0,5,5,recovery,0.9,0.72,1
432.0,2,5,5,recovery,0.9,0.72,1
433.0,1,5,5,recovery,0.9,0.72,1
434.0,2,5,5,recovery,0.9,0.72,1
435.0,1,5,5,recovery,0.9,0.72,1
436.0,0,2,5,recovery,0.9,0.72,1
437.0,0,2,5,recovery,0.9,0.72,1
438.0,0,2,5,recovery,0.9,0.72,1
439.0,0,3,5,recovery,0.9,0.72,1
440.0,0,2,5,recovery,0.9,0.72,1
441.0,0,2,5,recovery,0.9,0.72,1
442.0,0,2,5,recovery,0.9,0.72,1
443.0,0,0,5,recovery,0.9,0.72,1
444.0,0,0,5,recovery,0.9,0.72,1
445.0,0,0,5,recovery,0.9,0.72,1
446.0,0,1,5,recovery,0.9,0.72,1
447.0,0,2,5,recovery,0.9,0.72,1
448.0,0,1,5,recovery,0.9,0.72,1
449.0,0,3,5,recovery,0.9,0.72,1
450.0,0,3,5,recovery,0.9,0.72,1
451.0,0,4,5,recovery,0.9,0.72,1
452.0,0,4,5,recovery,0.9,0.72,1
453.0,0,2,5,recovery,0.9,0.72,1
454.0,0,3,5,recovery,0.9,0.72,1
455.0,0,0,5,recovery,0.9,0.72,1
456.0,0,1,5,recovery,0.9,0.72,1
457.0,0,2,5,recovery,0.9,0.72,1
458.0,0,3,5,recovery,0.9,0.72,1
459.0,0,4,5,recovery,0.9,0.72,1
460.0,0,4,5,recovery,0.9,0.72,1
461.0,0,3,5,recovery,0.9,0.72,1
462.0,0,3,5,recovery,0.9,0.72,1
463.0,0,3,5,recovery,0.9,0.72,1
464.0,0,3,5,recovery,0.9,0.72,1
465.0,0,1,5,recovery,0.9,0.72,1
466.0,0,2,5,recovery,0.9,0.72,1
467.0,0,4,5,recovery,0.9,0.72,1
468.0,0,4,5,recovery,0.9,0.72,1
469.0,0,4,5,recovery,0.9,0.72,1
470.0,0,3,5,recovery,0.9,0.72,1
471.0,0,4,5,recovery,0.9,0.72,1
472.0,0,5,5,recovery,0.9,0.72,1
473.0,0,4,5,recovery,0.9,0.72,1
474.0,0,2,5,recovery,0.9,0.72,1
475.0,0,3,5,recovery,0.9,0.72,1
476.0,0,4,5,recovery,0.9,0.72,1
477.0,0,4,5,recovery,0.9,0.72,1
478.0,0,5,5,recovery,0.9,0.72,1
